,0,1,2
0,11,,"('b', 'e')"
1,9,,"('c', 'c')"
2,13,,"('f', 'f')"
3,9,,"('h', 'h')"
4,8,,"('d', 'b')"
5,22,,"('a', 'd')"
6,9,,"('d', 'b')"
7,21,,"('b', 'a')"
8,7,,"('d', 'd')"
9,16,,"('a', 'd')"
10,18,,"('d', 'a')"
11,14,,"('d', 'd')"
12,6,,"('e', 'b')"
13,2,,"('b', 'b')"
14,2,,"('b', 'b')"
15,10,,"('d', 'd')"
16,8,,"('e', 'e')"
17,18,,"('d', 'd')"
18,6,,"('e', 'e')"
19,13,,"('c', 'b')"
20,7,,"('b', 'b')"
21,14,,"('b', 'd')"
22,15,,"('d', 'd')"
23,13,,"('d', 'd')"
24,10,,"('e', 'd')"
25,11,,"('a', 'd')"
26,8,,"('d', 'd')"
27,12,,"('e', 'e')"
28,20,,"('c', 'c')"
29,8,,"('f', 'f')"
30,9,,"('g', 'f')"
31,19,,"('h', 'h')"
32,12,,"('a', 'd')"
33,10,,"('e', 'e')"
34,9,,"('d', 'b')"
35,10,,"('d', 'd')"
36,18,,"('e', 'd')"
37,15,,"('e', 'd')"
38,9,,"('e', 'e')"
39,16,,"('d', 'd')"
40,8,,"('e', 'b')"
41,18,,"('d', 'b')"
42,12,,"('d', 'b')"
43,10,,"('a', 'd')"
44,10,,"('e', 'd')"
45,20,,"('e', 'd')"
46,7,,"('e', 'e')"
47,6,,"('d', 'd')"
48,11,,"('d', 'd')"
49,8,,"('a', 'd')"
50,26,,"('d', 'd')"
51,13,,"('e', 'd')"
52,7,,"('d', 'd')"
53,9,,"('e', 'e')"
54,22,,"('c', 'c')"
55,7,,"('f', 'f')"
56,7,,"('g', 'b')"
57,7,,"('d', 'd')"
58,11,,"('d', 'd')"
59,13,,"('e', 'b')"
60,2,,"('b', 'b')"
61,15,,"('d', 'b')"
62,14,,"('d', 'a')"
63,11,,"('d', 'd')"
64,25,,"('d', 'd')"
65,17,,"('a', 'b')"
66,15,,"('d', 'd')"
67,9,,"('d', 'd')"
68,10,,"('e', 'e')"
69,10,,"('c', 'c')"
70,9,,"('f', 'f')"
71,15,,"('h', 'h')"
72,8,,"('d', 'b')"
73,17,,"('a', 'a')"
74,12,,"('d', 'd')"
75,8,,"('e', 'e')"
76,13,,"('a', 'd')"
77,16,,"('d', 'd')"
78,6,,"('d', 'd')"
79,18,,"('e', 'b')"
80,2,,"('b', 'b')"
81,2,,"('b', 'b')"
82,12,,"('b', 'b')"
83,6,,"('d', 'd')"
84,20,,"('e', 'd')"
85,10,,"('e', 'e')"
86,9,,"('d', 'b')"
87,19,,"('d', 'd')"
88,16,,"('e', 'd')"
89,15,,"('e', 'b')"
90,20,,"('b', 'd')"
91,14,,"('d', 'd')"
92,10,,"('e', 'b')"
93,11,,"('b', 'd')"
94,23,,"('d', 'd')"
95,7,,"('e', 'e')"
96,19,,"('c', 'c')"
97,6,,"('f', 'b')"
98,6,,"('d', 'd')"
99,15,,"('d', 'd')"
100,10,,"('e', 'b')"
101,11,,"('d', 'd')"
102,17,,"('d', 'd')"
103,7,,"('e', 'e')"
104,14,,"('a', 'b')"
105,8,,"('a', 'd')"
106,9,,"('d', 'd')"
107,10,,"('d', 'b')"
108,16,,"('d', 'd')"
109,18,,"('d', 'd')"
110,12,,"('e', 'b')"
111,2,,"('b', 'b')"
112,8,,"('d', 'd')"
113,23,,"('e', 'd')"
114,19,,"('d', 'd')"
115,13,,"('d', 'd')"
116,11,,"('d', 'd')"
117,8,,"('d', 'd')"
118,18,,"('e', 'b')"
119,2,,"('b', 'b')"
120,2,,"('b', 'b')"
121,9,,"('b', 'b')"
122,8,,"('d', 'b')"
123,12,,"('a', 'd')"
124,6,,"('e', 'b')"
125,2,,"('b', 'b')"
126,18,,"('a', 'd')"
127,10,,"('e', 'd')"
128,11,,"('d', 'd')"
129,22,,"('d', 'd')"
130,7,,"('a', 'e')"
131,9,,"('c', 'c')"
132,4,,"('f', 'b')"
133,7,,"('d', 'b')"
134,28,,"('d', 'd')"
135,8,,"('e', 'd')"
136,10,,"('d', 'b')"
137,11,,"('d', 'd')"
138,13,,"('d', 'd')"
139,6,,"('e', 'b')"
140,14,,"('b', 'd')"
141,8,,"('e', 'e')"
142,14,,"('c', 'c')"
143,20,,"('f', 'f')"
144,12,,"('h', 'h')"
145,13,,"('d', 'd')"
146,8,,"('e', 'e')"
147,11,,"('d', 'b')"
148,2,,"('b', 'b')"
149,9,,"('d', 'd')"
150,13,,"('e', 'e')"
151,8,,"('a', 'b')"
152,2,,"('b', 'b')"
153,13,,"('b', 'b')"
154,11,,"('b', 'd')"
155,10,,"('e', 'd')"
156,6,,"('e', 'e')"
157,8,,"('d', 'b')"
158,2,,"('b', 'b')"
159,2,,"('b', 'b')"
160,11,,"('d', 'd')"
161,25,,"('d', 'd')"
162,6,,"('e', 'e')"
163,12,,"('d', 'd')"
164,10,,"('d', 'd')"
165,16,,"('e', 'b')"
166,14,,"('d', 'd')"
167,9,,"('e', 'a')"
168,7,,"('e', 'e')"
169,16,,"('c', 'c')"
170,4,,"('f', 'b')"
171,2,,"('b', 'b')"
172,10,,"('a', 'a')"
173,10,,"('d', 'd')"
174,15,,"('e', 'e')"
175,9,,"('d', 'b')"
176,2,,"('b', 'b')"
177,9,,"('d', 'd')"
178,9,,"('e', 'd')"
179,8,,"('a', 'd')"
180,7,,"('d', 'd')"
181,10,,"('d', 'b')"
182,2,,"('b', 'b')"
183,17,,"('d', 'd')"
184,6,,"('e', 'b')"
185,15,,"('d', 'd')"
186,25,,"('d', 'd')"
187,19,,"('a', 'a')"
188,17,,"('d', 'd')"
189,14,,"('d', 'a')"
190,24,,"('d', 'b')"
191,23,,"('d', 'd')"
192,8,,"('e', 'e')"
193,10,,"('c', 'c')"
194,10,,"('f', 'f')"
195,13,,"('h', 'h')"
196,22,,"('d', 'd')"
197,15,,"('d', 'b')"
198,11,,"('d', 'd')"
199,12,,"('d', 'd')"
200,6,,"('e', 'e')"
201,19,,"('c', 'c')"
202,15,,"('f', 'f')"
203,9,,"('g', 'b')"
204,9,,"('b', 'b')"
205,13,,"('d', 'd')"
206,17,,"('a', 'b')"
207,11,,"('a', 'd')"
208,14,,"('d', 'd')"
209,20,,"('d', 'd')"
210,9,,"('d', 'd')"
211,17,,"('a', 'd')"
212,14,,"('e', 'd')"
213,26,,"('d', 'a')"
214,9,,"('d', 'b')"
215,23,,"('d', 'd')"
216,17,,"('e', 'd')"
217,11,,"('e', 'd')"
218,7,,"('a', 'b')"
219,9,,"('d', 'd')"
220,17,,"('e', 'b')"
221,13,,"('d', 'a')"
222,28,,"('d', 'b')"
223,2,,"('b', 'b')"
224,8,,"('b', 'd')"
225,6,,"('e', 'b')"
226,12,,"('d', 'b')"
227,10,,"('d', 'd')"
228,11,,"('e', 'e')"
229,8,,"('d', 'd')"
230,23,,"('d', 'a')"
231,18,,"('d', 'd')"
232,11,,"('e', 'd')"
233,6,,"('e', 'b')"
234,14,,"('b', 'd')"
235,13,,"('e', 'd')"
236,8,,"('d', 'b')"
237,7,,"('d', 'b')"
238,16,,"('d', 'd')"
239,12,,"('d', 'd')"
240,8,,"('d', 'b')"
241,15,,"('d', 'd')"
242,7,,"('d', 'b')"
243,12,,"('d', 'd')"
244,10,,"('a', 'd')"
245,20,,"('e', 'd')"
246,16,,"('e', 'e')"
247,19,,"('a', 'a')"
248,15,,"('d', 'd')"
249,14,,"('e', 'e')"
250,13,,"('c', 'c')"
251,8,,"('f', 'b')"
252,15,,"('d', 'd')"
253,10,,"('d', 'd')"
254,6,,"('e', 'b')"
255,9,,"('b', 'd')"
256,13,,"('d', 'd')"
257,8,,"('d', 'd')"
258,8,,"('e', 'b')"
259,9,,"('d', 'd')"
260,15,,"('d', 'd')"
261,11,,"('e', 'e')"
262,10,,"('d', 'd')"
263,14,,"('e', 'e')"
264,9,,"('c', 'c')"
265,7,,"('f', 'f')"
266,8,,"('g', 'f')"
267,11,,"('g', 'f')"
268,10,,"('h', 'h')"
269,14,,"('d', 'd')"
270,7,,"('e', 'e')"
271,16,,"('d', 'b')"
272,2,,"('b', 'b')"
273,2,,"('b', 'b')"
274,15,,"('d', 'd')"
275,8,,"('d', 'd')"
276,9,,"('e', 'e')"
277,14,,"('d', 'd')"
278,6,,"('e', 'b')"
279,15,,"('b', 'b')"
280,10,,"('d', 'd')"
281,9,,"('d', 'd')"
282,6,,"('d', 'd')"
283,8,,"('e', 'd')"
284,9,,"('e', 'e')"
285,11,,"('c', 'c')"
286,21,,"('f', 'f')"
287,3,,"('h', 'b')"
288,2,,"('b', 'b')"
289,2,,"('b', 'b')"
290,9,,"('d', 'd')"
291,13,,"('e', 'e')"
292,6,,"('d', 'd')"
293,11,,"('e', 'b')"
294,16,,"('d', 'a')"
295,13,,"('d', 'd')"
296,7,,"('e', 'e')"
297,5,,"('c', 'b')"
298,11,,"('d', 'd')"
299,15,,"('d', 'd')"
300,11,,"('d', 'd')"
301,8,,"('e', 'd')"
302,10,,"('e', 'b')"
303,14,,"('d', 'd')"
304,14,,"('e', 'b')"
305,10,,"('b', 'b')"
306,12,,"('d', 'd')"
307,19,,"('e', 'e')"
308,10,,"('d', 'd')"
309,16,,"('d', 'b')"
310,15,,"('b', 'b')"
311,2,,"('b', 'b')"
312,2,,"('b', 'b')"
313,29,,"('d', 'b')"
314,11,,"('d', 'b')"
315,11,,"('b', 'd')"
316,9,,"('e', 'b')"
317,16,,"('d', 'd')"
318,16,,"('e', 'e')"
319,14,,"('c', 'c')"
320,7,,"('f', 'f')"
321,15,,"('h', 'h')"
322,17,,"('b', 'b')"
323,9,,"('d', 'd')"
324,17,,"('d', 'b')"
325,8,,"('d', 'd')"
326,12,,"('d', 'b')"
327,13,,"('b', 'b')"
328,16,,"('d', 'd')"
329,16,,"('d', 'b')"
330,2,,"('b', 'b')"
331,18,,"('b', 'b')"
332,8,,"('d', 'd')"
333,18,,"('e', 'b')"
334,9,,"('b', 'd')"
335,10,,"('d', 'd')"
336,6,,"('d', 'd')"
337,26,,"('d', 'd')"
338,7,,"('e', 'd')"
339,6,,"('d', 'd')"
340,9,,"('a', 'b')"
341,7,,"('d', 'b')"
342,13,,"('b', 'd')"
343,10,,"('d', 'd')"
344,19,,"('d', 'd')"
345,9,,"('e', 'd')"
346,12,,"('e', 'd')"
347,27,,"('a', 'b')"
348,9,,"('d', 'd')"
349,19,,"('d', 'd')"
350,11,,"('d', 'd')"
351,15,,"('d', 'a')"
352,7,,"('d', 'd')"
353,27,,"('d', 'd')"
354,18,,"('d', 'd')"
355,7,,"('d', 'd')"
356,15,,"('e', 'd')"
357,8,,"('e', 'e')"
358,8,,"('d', 'd')"
359,12,,"('e', 'b')"
360,2,,"('b', 'b')"
361,2,,"('b', 'b')"
362,37,,"('d', 'b')"
363,19,,"('b', 'd')"
364,8,,"('d', 'd')"
365,12,,"('d', 'd')"
366,14,,"('e', 'd')"
367,8,,"('d', 'd')"
368,12,,"('d', 'd')"
369,18,,"('d', 'b')"
370,10,,"('b', 'd')"
371,8,,"('d', 'd')"
372,18,,"('d', 'd')"
373,12,,"('a', 'd')"
374,6,,"('d', 'd')"
375,13,,"('e', 'e')"
376,5,,"('c', 'b')"
377,23,,"('d', 'd')"
378,12,,"('e', 'd')"
379,7,,"('d', 'b')"
380,21,,"('b', 'd')"
381,17,,"('e', 'd')"
382,13,,"('d', 'd')"
383,23,,"('e', 'd')"
384,9,,"('e', 'd')"
385,11,,"('d', 'd')"
386,11,,"('e', 'd')"
387,12,,"('e', 'd')"
388,7,,"('d', 'd')"
389,7,,"('e', 'e')"
390,13,,"('a', 'b')"
391,9,,"('b', 'd')"
392,8,,"('d', 'b')"
393,8,,"('d', 'd')"
394,6,,"('e', 'e')"
395,14,,"('d', 'd')"
396,13,,"('e', 'd')"
397,18,,"('d', 'd')"
398,8,,"('a', 'd')"
399,7,,"('d', 'd')"
400,8,,"('e', 'd')"
401,6,,"('e', 'e')"
402,10,,"('d', 'b')"
403,14,,"('d', 'b')"
404,7,,"('d', 'd')"
405,12,,"('d', 'd')"
406,12,,"('e', 'b')"
407,14,,"('d', 'd')"
408,28,,"('d', 'd')"
409,8,,"('e', 'd')"
410,12,,"('d', 'd')"
411,7,,"('e', 'e')"
412,26,,"('c', 'c')"
413,11,,"('f', 'f')"
414,3,,"('h', 'b')"
415,7,,"('d', 'd')"
416,8,,"('e', 'e')"
417,13,,"('d', 'b')"
418,2,,"('b', 'b')"
419,10,,"('d', 'd')"
420,10,,"('d', 'b')"
421,25,,"('d', 'd')"
422,8,,"('d', 'd')"
423,22,,"('d', 'b')"
424,7,,"('b', 'b')"
425,21,,"('b', 'b')"
426,2,,"('b', 'b')"
427,11,,"('d', 'd')"
428,9,,"('a', 'd')"
429,25,,"('d', 'a')"
430,9,,"('d', 'd')"
431,13,,"('d', 'b')"
432,13,,"('d', 'd')"
433,30,,"('d', 'd')"
434,25,,"('d', 'b')"
435,16,,"('d', 'd')"
436,7,,"('d', 'd')"
437,12,,"('d', 'd')"
438,10,,"('d', 'd')"
439,20,,"('e', 'd')"
440,12,,"('a', 'd')"
441,13,,"('a', 'd')"
442,21,,"('d', 'd')"
443,14,,"('d', 'd')"
444,11,,"('d', 'b')"
445,8,,"('d', 'd')"
446,22,,"('d', 'd')"
447,9,,"('d', 'd')"
448,8,,"('d', 'd')"
449,9,,"('e', 'e')"
450,23,,"('d', 'd')"
451,20,,"('e', 'd')"
452,14,,"('a', 'b')"
453,2,,"('b', 'b')"
454,16,,"('d', 'd')"
455,6,,"('d', 'd')"
456,9,,"('e', 'd')"
457,26,,"('d', 'd')"
458,19,,"('e', 'd')"
459,13,,"('d', 'b')"
460,13,,"('d', 'd')"
461,24,,"('e', 'b')"
462,7,,"('d', 'd')"
463,9,,"('e', 'e')"
464,9,,"('c', 'b')"
465,15,,"('b', 'd')"
466,29,,"('d', 'd')"
467,13,,"('a', 'd')"
468,10,,"('d', 'd')"
469,6,,"('e', 'b')"
470,2,,"('b', 'b')"
471,19,,"('d', 'b')"
472,18,,"('d', 'd')"
473,10,,"('a', 'd')"
474,12,,"('e', 'e')"
475,13,,"('d', 'd')"
476,11,,"('e', 'e')"
477,9,,"('d', 'd')"
478,8,,"('e', 'e')"
479,32,,"('c', 'c')"
480,4,,"('f', 'b')"
481,2,,"('b', 'b')"
482,8,,"('d', 'd')"
483,9,,"('e', 'e')"
484,21,,"('d', 'd')"
485,12,,"('d', 'd')"
486,15,,"('d', 'd')"
487,8,,"('d', 'd')"
488,8,,"('e', 'e')"
489,11,,"('c', 'c')"
490,11,,"('f', 'f')"
491,14,,"('h', 'h')"
492,13,,"('a', 'd')"
493,19,,"('d', 'd')"
494,9,,"('d', 'd')"
495,10,,"('e', 'e')"
496,12,,"('d', 'd')"
497,14,,"('d', 'd')"
498,18,,"('a', 'd')"
499,11,,"('d', 'd')"
500,13,,"('d', 'b')"
501,16,,"('d', 'b')"
502,17,,"('b', 'b')"
503,2,,"('b', 'b')"
504,22,,"('b', 'd')"
505,8,,"('d', 'd')"
506,16,,"('d', 'd')"
507,12,,"('e', 'b')"
508,16,,"('a', 'd')"
509,13,,"('d', 'd')"
510,21,,"('e', 'd')"
511,6,,"('e', 'b')"
512,23,,"('b', 'b')"
513,2,,"('b', 'b')"
514,2,,"('b', 'b')"
515,9,,"('d', 'd')"
516,9,,"('d', 'd')"
517,9,,"('d', 'd')"
518,17,,"('d', 'd')"
519,10,,"('d', 'b')"
520,2,,"('b', 'b')"
521,21,,"('d', 'b')"
522,12,,"('d', 'd')"
523,10,,"('e', 'e')"
524,17,,"('c', 'c')"
525,8,,"('f', 'b')"
526,7,,"('b', 'd')"
527,8,,"('a', 'd')"
528,9,,"('d', 'b')"
529,2,,"('b', 'b')"
530,2,,"('b', 'b')"
531,7,,"('d', 'd')"
532,11,,"('d', 'd')"
533,10,,"('e', 'd')"
534,17,,"('d', 'd')"
535,35,,"('a', 'b')"
536,2,,"('b', 'b')"
537,10,,"('d', 'b')"
538,9,,"('a', 'd')"
539,22,,"('e', 'd')"
540,13,,"('e', 'e')"
541,25,,"('c', 'c')"
542,4,,"('f', 'b')"
543,7,,"('b', 'b')"
544,34,,"('d', 'd')"
545,9,,"('d', 'd')"
546,11,,"('d', 'a')"
547,9,,"('d', 'd')"
548,13,,"('e', 'e')"
549,10,,"('d', 'd')"
550,12,,"('d', 'd')"
551,16,,"('d', 'd')"
552,7,,"('d', 'd')"
553,6,,"('d', 'd')"
554,9,,"('d', 'd')"
555,13,,"('d', 'd')"
556,6,,"('d', 'd')"
557,18,,"('d', 'b')"
558,8,,"('b', 'd')"
559,8,,"('e', 'd')"
560,11,,"('e', 'e')"
561,12,,"('d', 'd')"
562,8,,"('e', 'e')"
563,13,,"('d', 'd')"
564,15,,"('e', 'd')"
565,11,,"('e', 'e')"
566,11,,"('c', 'c')"
567,21,,"('f', 'f')"
568,12,,"('h', 'h')"
569,7,,"('a', 'd')"
570,16,,"('d', 'd')"
571,10,,"('e', 'b')"
572,2,,"('b', 'b')"
573,8,,"('b', 'b')"
574,2,,"('b', 'b')"
575,2,,"('b', 'b')"
576,2,,"('b', 'b')"
577,23,,"('d', 'b')"
578,11,,"('b', 'b')"
579,13,,"('d', 'd')"
580,12,,"('a', 'b')"
581,15,,"('d', 'b')"
582,2,,"('b', 'b')"
583,6,,"('d', 'd')"
584,8,,"('e', 'd')"
585,7,,"('e', 'e')"
586,10,,"('d', 'd')"
587,10,,"('e', 'd')"
588,14,,"('e', 'd')"
589,13,,"('e', 'd')"
590,13,,"('d', 'a')"
591,8,,"('d', 'b')"
592,6,,"('d', 'd')"
593,10,,"('d', 'd')"
594,11,,"('e', 'd')"
595,15,,"('e', 'd')"
596,25,,"('d', 'b')"
597,21,,"('d', 'd')"
598,10,,"('e', 'e')"
599,10,,"('d', 'd')"
600,8,,"('e', 'b')"
601,9,,"('d', 'd')"
602,12,,"('d', 'd')"
603,9,,"('a', 'e')"
604,9,,"('c', 'b')"
605,11,,"('b', 'b')"
606,2,,"('b', 'b')"
607,9,,"('d', 'b')"
608,8,,"('a', 'd')"
609,12,,"('d', 'd')"
610,6,,"('e', 'b')"
611,2,,"('b', 'b')"
612,21,,"('b', 'd')"
613,7,,"('d', 'b')"
614,29,,"('d', 'a')"
615,22,,"('d', 'd')"
616,7,,"('d', 'd')"
617,7,,"('a', 'd')"
618,7,,"('d', 'd')"
619,6,,"('e', 'e')"
620,12,,"('a', 'b')"
621,2,,"('b', 'b')"
622,29,,"('b', 'a')"
623,8,,"('d', 'd')"
624,17,,"('e', 'b')"
625,2,,"('b', 'b')"
626,9,,"('b', 'd')"
627,25,,"('d', 'd')"
628,21,,"('e', 'e')"
629,10,,"('c', 'c')"
630,18,,"('f', 'f')"
631,14,,"('g', 'f')"
632,9,,"('g', 'f')"
633,14,,"('h', 'h')"
634,2,,"('b', 'b')"
635,2,,"('b', 'b')"
636,8,,"('a', 'd')"
637,17,,"('e', 'b')"
638,13,,"('d', 'd')"
639,13,,"('d', 'd')"
640,15,,"('d', 'b')"
641,9,,"('d', 'd')"
642,26,,"('e', 'b')"
643,2,,"('b', 'b')"
644,8,,"('d', 'd')"
645,15,,"('a', 'b')"
646,14,,"('b', 'd')"
647,19,,"('e', 'b')"
648,19,,"('d', 'b')"
649,2,,"('b', 'b')"
650,14,,"('d', 'd')"
651,6,,"('e', 'b')"
652,10,,"('b', 'd')"
653,12,,"('d', 'd')"
654,13,,"('e', 'd')"
655,6,,"('e', 'e')"
656,17,,"('c', 'c')"
657,4,,"('f', 'b')"
658,8,,"('b', 'b')"
659,17,,"('b', 'd')"
660,13,,"('e', 'e')"
661,24,,"('c', 'c')"
662,8,,"('f', 'b')"
663,8,,"('a', 'b')"
664,9,,"('d', 'd')"
665,11,,"('a', 'd')"
666,8,,"('e', 'e')"
667,20,,"('d', 'a')"
668,9,,"('d', 'b')"
669,14,,"('b', 'b')"
670,2,,"('b', 'b')"
671,9,,"('d', 'b')"
672,8,,"('d', 'd')"
673,11,,"('d', 'd')"
674,10,,"('e', 'e')"
675,9,,"('d', 'd')"
676,23,,"('d', 'd')"
677,22,,"('d', 'b')"
678,14,,"('b', 'd')"
679,10,,"('e', 'e')"
680,9,,"('d', 'b')"
681,8,,"('b', 'b')"
682,7,,"('d', 'b')"
683,2,,"('b', 'b')"
684,12,,"('d', 'd')"
685,23,,"('d', 'd')"
686,6,,"('d', 'd')"
687,11,,"('d', 'd')"
688,16,,"('e', 'e')"
689,5,,"('c', 'b')"
690,16,,"('a', 'd')"
691,8,,"('d', 'd')"
692,23,,"('d', 'd')"
693,20,,"('a', 'd')"
694,14,,"('e', 'e')"
695,9,,"('c', 'c')"
696,6,,"('f', 'b')"
697,10,,"('d', 'b')"
698,7,,"('b', 'd')"
699,8,,"('e', 'e')"
700,7,,"('c', 'b')"
701,11,,"('d', 'd')"
702,11,,"('d', 'b')"
703,20,,"('d', 'd')"
704,17,,"('d', 'b')"
705,2,,"('b', 'b')"
706,13,,"('d', 'd')"
707,14,,"('a', 'e')"
708,9,,"('c', 'c')"
709,4,,"('f', 'b')"
710,10,,"('b', 'd')"
711,13,,"('e', 'e')"
712,13,,"('d', 'd')"
713,10,,"('e', 'b')"
714,9,,"('d', 'd')"
715,25,,"('d', 'd')"
716,9,,"('e', 'd')"
717,11,,"('d', 'b')"
718,2,,"('b', 'b')"
719,15,,"('d', 'd')"
720,16,,"('d', 'd')"
721,6,,"('d', 'd')"
722,15,,"('d', 'd')"
723,13,,"('d', 'b')"
724,7,,"('d', 'd')"
725,13,,"('e', 'e')"
726,13,,"('c', 'b')"
727,11,,"('d', 'd')"
728,15,,"('e', 'b')"
729,7,,"('d', 'd')"
730,26,,"('d', 'b')"
731,21,,"('d', 'b')"
732,2,,"('b', 'b')"
733,10,,"('d', 'b')"
734,2,,"('b', 'b')"
735,14,,"('b', 'd')"
736,10,,"('d', 'b')"
737,8,,"('d', 'd')"
738,17,,"('e', 'd')"
739,18,,"('d', 'd')"
740,8,,"('e', 'e')"
741,15,,"('c', 'c')"
742,12,,"('f', 'f')"
743,8,,"('h', 'h')"
744,7,,"('d', 'd')"
745,11,,"('d', 'b')"
746,2,,"('b', 'b')"
747,19,,"('b', 'b')"
748,17,,"('b', 'd')"
749,12,,"('d', 'd')"
750,13,,"('d', 'd')"
751,13,,"('e', 'e')"
752,8,,"('c', 'c')"
753,19,,"('f', 'f')"
754,18,,"('h', 'h')"
755,15,,"('b', 'd')"
756,13,,"('e', 'b')"
757,12,,"('d', 'd')"
758,10,,"('d', 'd')"
759,13,,"('e', 'd')"
760,13,,"('d', 'd')"
761,8,,"('e', 'e')"
762,13,,"('a', 'a')"
763,11,,"('d', 'd')"
764,28,,"('e', 'd')"
765,13,,"('d', 'd')"
766,11,,"('e', 'd')"
767,9,,"('e', 'd')"
768,13,,"('d', 'd')"
769,8,,"('e', 'b')"
770,2,,"('b', 'b')"
771,2,,"('b', 'b')"
772,26,,"('d', 'd')"
773,8,,"('e', 'b')"
774,2,,"('b', 'b')"
775,11,,"('b', 'd')"
776,26,,"('d', 'd')"
777,15,,"('d', 'b')"
778,17,,"('a', 'd')"
779,10,,"('e', 'e')"
780,14,,"('d', 'b')"
781,13,,"('d', 'b')"
782,9,,"('b', 'd')"
783,16,,"('a', 'd')"
784,11,,"('e', 'b')"
785,7,,"('a', 'd')"
786,14,,"('e', 'b')"
787,2,,"('b', 'b')"
788,8,,"('b', 'b')"
789,9,,"('d', 'b')"
790,2,,"('b', 'b')"
791,9,,"('a', 'd')"
792,8,,"('e', 'e')"
793,5,,"('c', 'b')"
794,10,,"('d', 'd')"
795,15,,"('d', 'd')"
796,6,,"('d', 'd')"
797,12,,"('e', 'd')"
798,9,,"('e', 'e')"
799,6,,"('d', 'd')"
800,17,,"('d', 'b')"
801,2,,"('b', 'b')"
802,16,,"('d', 'b')"
803,16,,"('d', 'd')"
804,10,,"('e', 'e')"
805,8,,"('d', 'd')"
806,14,,"('d', 'd')"
807,7,,"('e', 'e')"
808,13,,"('d', 'd')"
809,10,,"('e', 'e')"
810,14,,"('d', 'b')"
811,8,,"('a', 'd')"
812,11,,"('d', 'b')"
813,14,,"('d', 'd')"
814,14,,"('e', 'b')"
815,2,,"('b', 'b')"
816,7,,"('a', 'd')"
817,10,,"('d', 'h')"
818,16,,"('g', 'g')"
819,13,,"('e', 'd')"
820,13,,"('d', 'b')"
821,9,,"('a', 'b')"
822,8,,"('d', 'd')"
823,13,,"('a', 'd')"
824,10,,"('e', 'e')"
825,9,,"('c', 'c')"
826,6,,"('f', 'f')"
827,18,,"('g', 'f')"
828,7,,"('h', 'h')"
829,2,,"('b', 'b')"
830,24,,"('d', 'd')"
831,30,,"('d', 'd')"
832,18,,"('d', 'b')"
833,2,,"('b', 'b')"
834,8,,"('d', 'b')"
835,10,,"('d', 'b')"
836,17,,"('a', 'd')"
837,11,,"('e', 'e')"
838,5,,"('c', 'b')"
839,13,,"('b', 'd')"
840,14,,"('d', 'd')"
841,18,,"('e', 'd')"
842,12,,"('d', 'd')"
843,6,,"('e', 'b')"
844,17,,"('b', 'd')"
845,24,,"('a', 'd')"
846,12,,"('d', 'd')"
847,11,,"('a', 'b')"
848,6,,"('d', 'd')"
849,8,,"('e', 'e')"
850,5,,"('c', 'b')"
851,29,,"('d', 'd')"
852,15,,"('e', 'd')"
853,12,,"('d', 'd')"
854,15,,"('d', 'd')"
855,7,,"('e', 'e')"
856,18,,"('d', 'd')"
857,17,,"('d', 'd')"
858,12,,"('e', 'e')"
859,7,,"('d', 'h')"
860,15,,"('a', 'h')"
861,9,,"('a', 'a')"
862,15,,"('h', 'a')"
863,15,,"('h', 'd')"
864,17,,"('d', 'd')"
865,17,,"('d', 'd')"
866,7,,"('d', 'd')"
867,6,,"('d', 'd')"
868,7,,"('e', 'd')"
869,9,,"('e', 'e')"
870,5,,"('c', 'b')"
871,6,,"('d', 'd')"
872,10,,"('a', 'd')"
873,11,,"('d', 'd')"
874,13,,"('d', 'd')"
875,13,,"('d', 'd')"
876,6,,"('e', 'b')"
877,16,,"('d', 'd')"
878,13,,"('d', 'd')"
879,14,,"('a', 'd')"
880,10,,"('d', 'd')"
881,20,,"('e', 'e')"
882,17,,"('a', 'd')"
883,12,,"('e', 'e')"
884,15,,"('c', 'c')"
885,4,,"('f', 'b')"
886,16,,"('b', 'd')"
887,15,,"('d', 'a')"
888,9,,"('d', 'b')"
889,2,,"('b', 'b')"
890,19,,"('d', 'b')"
891,23,,"('d', 'd')"
892,16,,"('d', 'b')"
893,2,,"('b', 'b')"
894,2,,"('b', 'b')"
895,2,,"('b', 'b')"
896,11,,"('d', 'b')"
897,12,,"('a', 'a')"
898,10,,"('h', 'h')"
899,10,,"('g', 'g')"
900,16,,"('e', 'd')"
901,14,,"('e', 'e')"
902,20,,"('b', 'b')"
903,5,,"('b', 'b')"
904,10,,"('a', 'd')"
905,9,,"('d', 'd')"
906,6,,"('e', 'e')"
907,18,,"('c', 'c')"
908,10,,"('f', 'b')"
909,11,,"('d', 'd')"
910,8,,"('e', 'e')"
911,18,,"('d', 'b')"
912,2,,"('b', 'b')"
913,2,,"('b', 'b')"
914,11,,"('d', 'b')"
915,10,,"('a', 'b')"
916,2,,"('b', 'b')"
917,7,,"('d', 'd')"
918,9,,"('e', 'e')"
919,7,,"('c', 'c')"
920,4,,"('f', 'b')"
921,14,,"('a', 'a')"
922,14,,"('d', 'd')"
923,20,,"('d', 'd')"
924,12,,"('e', 'b')"
925,12,,"('d', 'd')"
926,9,,"('d', 'd')"
927,8,,"('e', 'e')"
928,11,,"('c', 'c')"
929,6,,"('f', 'b')"
930,8,,"('b', 'd')"
931,16,,"('d', 'd')"
932,16,,"('e', 'h')"
933,14,,"('a', 'a')"
934,11,,"('h', 'h')"
935,12,,"('a', 'a')"
936,12,,"('h', 'a')"
937,14,,"('h', 'a')"
938,10,,"('h', 'h')"
939,11,,"('f', 'h')"
940,18,,"('a', 'b')"
941,10,,"('d', 'd')"
942,18,,"('d', 'd')"
943,14,,"('d', 'd')"
944,13,,"('e', 'd')"
945,11,,"('d', 'd')"
946,15,,"('d', 'b')"
947,2,,"('b', 'b')"
948,16,,"('d', 'd')"
949,14,,"('d', 'd')"
950,7,,"('d', 'd')"
951,16,,"('d', 'd')"
952,8,,"('d', 'd')"
953,9,,"('e', 'd')"
954,16,,"('d', 'd')"
955,7,,"('e', 'e')"
956,11,,"('a', 'b')"
957,7,,"('b', 'd')"
958,12,,"('e', 'd')"
959,7,,"('e', 'e')"
960,5,,"('c', 'b')"
961,12,,"('b', 'd')"
962,11,,"('d', 'd')"
963,11,,"('d', 'd')"
964,6,,"('e', 'e')"
965,11,,"('a', 'b')"
966,14,,"('b', 'd')"
967,25,,"('d', 'd')"
968,8,,"('e', 'e')"
969,7,,"('c', 'b')"
970,2,,"('b', 'b')"
971,15,,"('d', 'd')"
972,15,,"('a', 'a')"
973,13,,"('h', 'h')"
974,33,,"('a', 'h')"
975,12,,"('a', 'a')"
976,22,,"('h', 'h')"
977,11,,"('a', 'a')"
978,16,,"('f', 'h')"
979,9,,"('a', 'a')"
980,12,,"('h', 'h')"
981,10,,"('a', 'a')"
982,8,,"('g', 'b')"
983,13,,"('d', 'b')"
984,2,,"('b', 'b')"
985,14,,"('a', 'b')"
986,15,,"('b', 'b')"
987,32,,"('d', 'd')"
988,12,,"('a', 'e')"
989,13,,"('c', 'c')"
990,19,,"('f', 'f')"
991,15,,"('g', 'f')"
992,17,,"('g', 'f')"
993,3,,"('h', 'b')"
994,37,,"('d', 'd')"
995,15,,"('d', 'd')"
996,10,,"('e', 'b')"
997,11,,"('d', 'd')"
998,7,,"('e', 'e')"
999,20,,"('d', 'b')"
1000,14,,"('d', 'd')"
1001,6,,"('e', 'b')"
1002,22,,"('b', 'd')"
1003,13,,"('a', 'd')"
1004,44,,"('a', 'd')"
1005,10,,"('a', 'd')"
1006,17,,"('d', 'd')"
1007,9,,"('a', 'd')"
1008,12,,"('e', 'd')"
1009,14,,"('e', 'b')"
1010,14,,"('d', 'd')"
1011,15,,"('d', 'd')"
1012,19,,"('d', 'h')"
1013,15,,"('a', 'h')"
1014,9,,"('a', 'a')"
1015,15,,"('h', 'h')"
1016,11,,"('a', 'a')"
1017,18,,"('g', 'g')"
1018,11,,"('e', 'd')"
1019,13,,"('e', 'e')"
1020,18,,"('d', 'd')"
1021,11,,"('e', 'e')"
1022,11,,"('b', 'b')"
1023,21,,"('j', 'j')"
1024,7,,"('i', 'c')"
1025,6,,"('f', 'f')"
1026,3,,"('h', 'b')"
1027,29,,"('d', 'd')"
1028,12,,"('d', 'd')"
1029,7,,"('a', 'b')"
1030,14,,"('b', 'b')"
1031,8,,"('d', 'd')"
1032,10,,"('e', 'e')"
1033,11,,"('d', 'd')"
1034,15,,"('d', 'd')"
1035,7,,"('e', 'e')"
1036,11,,"('c', 'b')"
1037,8,,"('b', 'b')"
1038,9,,"('d', 'd')"
1039,7,,"('e', 'e')"
1040,7,,"('d', 'b')"
1041,24,,"('b', 'd')"
1042,15,,"('d', 'd')"
1043,7,,"('e', 'e')"
1044,16,,"('d', 'b')"
1045,21,,"('d', 'b')"
1046,12,,"('b', 'd')"
1047,9,,"('d', 'd')"
1048,9,,"('e', 'b')"
1049,2,,"('b', 'b')"
1050,2,,"('b', 'b')"
1051,9,,"('d', 'd')"
1052,7,,"('e', 'h')"
1053,9,,"('a', 'a')"
1054,9,,"('h', 'h')"
1055,13,,"('a', 'h')"
1056,9,,"('a', 'a')"
1057,10,,"('h', 'h')"
1058,14,,"('f', 'h')"
1059,10,,"('a', 'a')"
1060,9,,"('h', 'h')"
1061,14,,"('a', 'h')"
1062,15,,"('a', 'a')"
1063,10,,"('h', 'h')"
1064,10,,"('a', 'a')"
1065,19,,"('h', 'h')"
1066,25,,"('a', 'd')"
1067,17,,"('d', 'd')"
1068,16,,"('d', 'd')"
1069,19,,"('e', 'd')"
1070,9,,"('a', 'e')"
1071,13,,"('c', 'c')"
1072,7,,"('f', 'f')"
1073,7,,"('g', 'f')"
1074,7,,"('h', 'h')"
1075,19,,"('b', 'b')"
1076,10,,"('d', 'd')"
1077,9,,"('d', 'd')"
1078,11,,"('d', 'b')"
1079,13,,"('b', 'b')"
1080,10,,"('d', 'd')"
1081,31,,"('d', 'd')"
1082,10,,"('d', 'd')"
1083,20,,"('d', 'd')"
1084,16,,"('e', 'd')"
1085,14,,"('e', 'd')"
1086,10,,"('d', 'd')"
1087,8,,"('e', 'e')"
1088,17,,"('c', 'c')"
1089,13,,"('f', 'f')"
1090,3,,"('h', 'b')"
1091,10,,"('d', 'b')"
1092,7,,"('b', 'd')"
1093,23,,"('d', 'd')"
1094,19,,"('a', 'd')"
1095,7,,"('d', 'b')"
1096,2,,"('b', 'b')"
1097,10,,"('a', 'a')"
1098,12,,"('h', 'a')"
1099,9,,"('h', 'h')"
1100,18,,"('a', 'a')"
1101,12,,"('h', 'a')"
1102,10,,"('h', 'h')"
1103,15,,"('a', 'a')"
1104,16,,"('h', 'h')"
1105,12,,"('a', 'h')"
1106,9,,"('a', 'a')"
1107,10,,"('h', 'h')"
1108,19,,"('a', 'h')"
1109,9,,"('a', 'a')"
1110,21,,"('h', 'h')"
1111,28,,"('a', 'h')"
1112,9,,"('a', 'b')"
1113,11,,"('b', 'd')"
1114,19,,"('d', 'd')"
1115,14,,"('d', 'b')"
1116,15,,"('d', 'd')"
1117,16,,"('d', 'a')"
1118,19,,"('d', 'd')"
1119,7,,"('e', 'e')"
1120,10,,"('d', 'b')"
1121,8,,"('b', 'b')"
1122,2,,"('b', 'b')"
1123,15,,"('d', 'd')"
1124,11,,"('e', 'e')"
1125,13,,"('d', 'b')"
1126,7,,"('b', 'd')"
1127,17,,"('e', 'd')"
1128,6,,"('e', 'b')"
1129,12,,"('b', 'b')"
1130,16,,"('d', 'd')"
1131,8,,"('a', 'a')"
1132,8,,"('d', 'd')"
1133,9,,"('e', 'd')"
1134,22,,"('e', 'd')"
1135,14,,"('d', 'd')"
1136,9,,"('e', 'e')"
1137,15,,"('d', 'a')"
1138,14,,"('d', 'h')"
1139,11,,"('f', 'h')"
1140,17,,"('a', 'a')"
1141,12,,"('h', 'a')"
1142,15,,"('h', 'a')"
1143,12,,"('h', 'a')"
1144,9,,"('h', 'h')"
1145,13,,"('a', 'a')"
1146,14,,"('f', 'a')"
1147,16,,"('h', 'h')"
1148,14,,"('f', 'a')"
1149,19,,"('h', 'a')"
1150,21,,"('h', 'a')"
1151,15,,"('h', 'h')"
1152,34,,"('a', 'a')"
1153,21,,"('h', 'h')"
1154,12,,"('a', 'h')"
1155,11,,"('a', 'a')"
1156,10,,"('h', 'd')"
1157,10,,"('d', 'd')"
1158,7,,"('e', 'e')"
1159,26,,"('c', 'c')"
1160,7,,"('f', 'f')"
1161,13,,"('h', 'h')"
1162,16,,"('d', 'd')"
1163,12,,"('e', 'd')"
1164,7,,"('d', 'd')"
1165,20,,"('d', 'd')"
1166,13,,"('d', 'd')"
1167,19,,"('e', 'b')"
1168,9,,"('d', 'd')"
1169,15,,"('e', 'd')"
1170,21,,"('d', 'd')"
1171,11,,"('e', 'e')"
1172,13,,"('d', 'd')"
1173,8,,"('d', 'd')"
1174,10,,"('e', 'e')"
1175,10,,"('c', 'c')"
1176,12,,"('f', 'f')"
1177,18,,"('g', 'f')"
1178,3,,"('h', 'b')"
1179,19,,"('b', 'd')"
1180,7,,"('d', 'd')"
1181,12,,"('e', 'd')"
1182,11,,"('e', 'e')"
1183,7,,"('d', 'd')"
1184,14,,"('e', 'a')"
1185,18,,"('h', 'a')"
1186,12,,"('h', 'h')"
1187,19,,"('g', 'g')"
1188,14,,"('d', 'd')"
1189,24,,"('e', 'e')"
1190,9,,"('d', 'd')"
1191,9,,"('e', 'e')"
1192,13,,"('d', 'd')"
1193,11,,"('b', 'b')"
1194,13,,"('i', 'i')"
1195,11,,"('j', 'j')"
1196,14,,"('i', 'i')"
1197,9,,"('j', 'j')"
1198,10,,"('i', 'i')"
1199,11,,"('c', 'c')"
1200,13,,"('a', 'h')"
1201,11,,"('a', 'a')"
1202,11,,"('f', 'h')"
1203,12,,"('a', 'b')"
1204,2,,"('b', 'b')"
1205,18,,"('b', 'd')"
1206,15,,"('e', 'b')"
1207,15,,"('d', 'd')"
1208,9,,"('e', 'd')"
1209,8,,"('d', 'd')"
1210,11,,"('e', 'b')"
1211,15,,"('d', 'd')"
1212,10,,"('e', 'b')"
1213,15,,"('d', 'd')"
1214,25,,"('e', 'd')"
1215,7,,"('d', 'd')"
1216,11,,"('e', 'd')"
1217,9,,"('d', 'b')"
1218,2,,"('b', 'b')"
1219,13,,"('d', 'a')"
1220,9,,"('d', 'd')"
1221,12,,"('e', 'e')"
1222,22,,"('d', 'b')"
1223,2,,"('b', 'b')"
1224,12,,"('b', 'h')"
1225,16,,"('g', 'g')"
1226,10,,"('e', 'e')"
1227,10,,"('d', 'd')"
1228,16,,"('b', 'b')"
1229,18,,"('b', 'b')"
1230,10,,"('j', 'j')"
1231,10,,"('i', 'i')"
1232,10,,"('j', 'j')"
1233,9,,"('i', 'i')"
1234,11,,"('j', 'j')"
1235,12,,"('i', 'i')"
1236,13,,"('c', 'c')"
1237,20,,"('a', 'h')"
1238,19,,"('a', 'h')"
1239,13,,"('a', 'h')"
1240,12,,"('a', 'h')"
1241,11,,"('a', 'a')"
1242,10,,"('g', 'g')"
1243,10,,"('e', 'd')"
1244,22,,"('e', 'e')"
1245,6,,"('d', 'd')"
1246,44,,"('d', 'd')"
1247,9,,"('d', 'd')"
1248,33,,"('d', 'b')"
1249,9,,"('d', 'd')"
1250,19,,"('d', 'd')"
1251,12,,"('e', 'd')"
1252,16,,"('e', 'b')"
1253,10,,"('d', 'd')"
1254,7,,"('e', 'd')"
1255,7,,"('e', 'd')"
1256,6,,"('e', 'a')"
1257,9,,"('d', 'd')"
1258,11,,"('d', 'b')"
1259,2,,"('b', 'b')"
1260,2,,"('b', 'b')"
1261,2,,"('b', 'b')"
1262,9,,"('a', 'd')"
1263,8,,"('e', 'e')"
1264,6,,"('d', 'd')"
1265,9,,"('d', 'd')"
1266,12,,"('d', 'd')"
1267,13,,"('e', 'd')"
1268,10,,"('d', 'b')"
1269,11,,"('d', 'h')"
1270,12,,"('f', 'a')"
1271,9,,"('h', 'h')"
1272,13,,"('a', 'h')"
1273,21,,"('a', 'a')"
1274,16,,"('h', 'h')"
1275,15,,"('a', 'h')"
1276,15,,"('a', 'h')"
1277,15,,"('a', 'a')"
1278,11,,"('h', 'h')"
1279,11,,"('f', 'h')"
1280,11,,"('a', 'a')"
1281,10,,"('h', 'h')"
1282,15,,"('g', 'g')"
1283,19,,"('d', 'e')"
1284,18,,"('d', 'd')"
1285,11,,"('e', 'e')"
1286,24,,"('d', 'd')"
1287,10,,"('b', 'b')"
1288,14,,"('b', 'b')"
1289,14,,"('b', 'b')"
1290,21,,"('b', 'b')"
1291,10,,"('i', 'i')"
1292,9,,"('j', 'j')"
1293,4,,"('i', 'b')"
1294,22,,"('b', 'b')"
1295,15,,"('d', 'b')"
1296,11,,"('d', 'd')"
1297,15,,"('d', 'b')"
1298,9,,"('d', 'd')"
1299,10,,"('d', 'd')"
1300,14,,"('d', 'd')"
1301,8,,"('d', 'b')"
1302,2,,"('b', 'b')"
1303,2,,"('b', 'b')"
1304,10,,"('d', 'd')"
1305,15,,"('a', 'a')"
1306,18,,"('d', 'd')"
1307,7,,"('e', 'e')"
1308,16,,"('d', 'd')"
1309,11,,"('e', 'e')"
1310,13,,"('c', 'b')"
1311,2,,"('b', 'b')"
1312,13,,"('d', 'a')"
1313,12,,"('d', 'd')"
1314,14,,"('d', 'h')"
1315,10,,"('a', 'a')"
1316,13,,"('h', 'h')"
1317,9,,"('a', 'a')"
1318,11,,"('h', 'h')"
1319,11,,"('a', 'a')"
1320,13,,"('g', 'g')"
1321,11,,"('d', 'e')"
1322,16,,"('d', 'd')"
1323,16,,"('e', 'e')"
1324,10,,"('b', 'b')"
1325,16,,"('b', 'b')"
1326,12,,"('j', 'i')"
1327,19,,"('j', 'j')"
1328,10,,"('c', 'c')"
1329,13,,"('a', 'h')"
1330,13,,"('a', 'a')"
1331,17,,"('g', 'g')"
1332,17,,"('d', 'e')"
1333,19,,"('d', 'd')"
1334,10,,"('e', 'e')"
1335,14,,"('b', 'b')"
1336,16,,"('i', 'i')"
1337,20,,"('j', 'j')"
1338,19,,"('c', 'c')"
1339,22,,"('b', 'b')"
1340,2,,"('b', 'b')"
1341,14,,"('d', 'd')"
1342,11,,"('e', 'd')"
1343,6,,"('e', 'b')"
1344,7,,"('b', 'b')"
1345,13,,"('b', 'b')"
1346,13,,"('a', 'd')"
1347,9,,"('d', 'd')"
1348,11,,"('d', 'd')"
1349,10,,"('d', 'd')"
1350,7,,"('d', 'd')"
1351,15,,"('e', 'e')"
1352,20,,"('c', 'c')"
1353,11,,"('f', 'f')"
1354,9,,"('g', 'b')"
1355,2,,"('b', 'b')"
1356,13,,"('b', 'd')"
1357,8,,"('e', 'd')"
1358,18,,"('d', 'b')"
1359,15,,"('h', 'a')"
1360,21,,"('h', 'a')"
1361,35,,"('h', 'h')"
1362,16,,"('a', 'a')"
1363,21,,"('f', 'a')"
1364,13,,"('h', 'h')"
1365,12,,"('a', 'h')"
1366,9,,"('a', 'a')"
1367,9,,"('h', 'h')"
1368,18,,"('a', 'h')"
1369,10,,"('a', 'a')"
1370,13,,"('f', 'h')"
1371,12,,"('a', 'a')"
1372,16,,"('f', 'h')"
1373,10,,"('a', 'a')"
1374,21,,"('f', 'h')"
1375,12,,"('a', 'h')"
1376,15,,"('a', 'h')"
1377,10,,"('a', 'a')"
1378,16,,"('f', 'a')"
1379,19,,"('h', 'a')"
1380,21,,"('h', 'a')"
1381,16,,"('h', 'h')"
1382,12,,"('a', 'a')"
1383,18,,"('h', 'h')"
1384,10,,"('a', 'a')"
1385,12,,"('f', 'a')"
1386,11,,"('h', 'd')"
1387,9,,"('e', 'e')"
1388,13,,"('d', 'd')"
1389,12,,"('e', 'e')"
1390,15,,"('a', 'b')"
1391,2,,"('b', 'b')"
1392,8,,"('b', 'b')"
1393,18,,"('d', 'b')"
1394,2,,"('b', 'b')"
1395,2,,"('b', 'b')"
1396,16,,"('d', 'b')"
1397,13,,"('a', 'a')"
1398,9,,"('d', 'b')"
1399,10,,"('b', 'b')"
1400,9,,"('d', 'b')"
1401,14,,"('b', 'b')"
1402,9,,"('a', 'a')"
1403,12,,"('h', 'h')"
1404,21,,"('a', 'a')"
1405,12,,"('h', 'a')"
1406,13,,"('h', 'a')"
1407,10,,"('h', 'h')"
1408,13,,"('a', 'h')"
1409,12,,"('a', 'a')"
1410,10,,"('h', 'h')"
1411,21,,"('a', 'h')"
1412,14,,"('a', 'a')"
1413,15,,"('h', 'h')"
1414,12,,"('a', 'h')"
1415,9,,"('a', 'a')"
1416,10,,"('h', 'h')"
1417,13,,"('g', 'g')"
1418,15,,"('d', 'e')"
1419,15,,"('d', 'd')"
1420,12,,"('b', 'b')"
1421,12,,"('b', 'b')"
1422,11,,"('b', 'b')"
1423,10,,"('b', 'b')"
1424,13,,"('j', 'i')"
1425,9,,"('j', 'j')"
1426,13,,"('i', 'i')"
1427,10,,"('c', 'c')"
1428,13,,"('a', 'h')"
1429,10,,"('a', 'a')"
1430,14,,"('h', 'h')"
1431,13,,"('a', 'd')"
1432,10,,"('d', 'd')"
1433,12,,"('e', 'b')"
1434,21,,"('b', 'd')"
1435,7,,"('d', 'd')"
1436,10,,"('e', 'b')"
1437,12,,"('d', 'd')"
1438,19,,"('e', 'd')"
1439,7,,"('d', 'b')"
1440,21,,"('d', 'a')"
1441,17,,"('d', 'd')"
1442,12,,"('d', 'b')"
1443,11,,"('b', 'b')"
1444,9,,"('a', 'd')"
1445,13,,"('d', 'a')"
1446,7,,"('d', 'd')"
1447,16,,"('e', 'd')"
1448,6,,"('d', 'd')"
1449,16,,"('e', 'd')"
1450,8,,"('d', 'd')"
1451,10,,"('d', 'h')"
1452,13,,"('g', 'g')"
1453,13,,"('e', 'd')"
1454,16,,"('e', 'e')"
1455,13,,"('b', 'b')"
1456,19,,"('i', 'i')"
1457,10,,"('j', 'j')"
1458,14,,"('c', 'c')"
1459,10,,"('a', 'a')"
1460,28,,"('h', 'a')"
1461,12,,"('h', 'h')"
1462,10,,"('a', 'a')"
1463,17,,"('g', 'g')"
1464,10,,"('e', 'e')"
1465,11,,"('d', 'd')"
1466,11,,"('e', 'e')"
1467,10,,"('d', 'd')"
1468,12,,"('b', 'b')"
1469,13,,"('i', 'j')"
1470,14,,"('i', 'i')"
1471,13,,"('c', 'c')"
1472,14,,"('h', 'a')"
1473,16,,"('h', 'a')"
1474,12,,"('h', 'a')"
1475,10,,"('h', 'h')"
1476,13,,"('g', 'g')"
1477,21,,"('e', 'e')"
1478,18,,"('d', 'd')"
1479,10,,"('b', 'b')"
1480,16,,"('b', 'b')"
1481,6,,"('b', 'b')"
1482,2,,"('b', 'b')"
1483,8,,"('d', 'd')"
1484,8,,"('d', 'd')"
1485,9,,"('d', 'd')"
1486,23,,"('e', 'd')"
1487,13,,"('d', 'b')"
1488,8,,"('b', 'd')"
1489,7,,"('d', 'd')"
1490,10,,"('d', 'b')"
1491,23,,"('d', 'd')"
1492,12,,"('e', 'e')"
1493,10,,"('c', 'c')"
1494,12,,"('f', 'f')"
1495,17,,"('h', 'h')"
1496,9,,"('b', 'b')"
1497,15,,"('b', 'h')"
1498,12,,"('a', 'h')"
1499,27,,"('a', 'h')"
1500,10,,"('a', 'a')"
1501,12,,"('h', 'h')"
1502,20,,"('a', 'h')"
1503,14,,"('a', 'a')"
1504,11,,"('h', 'h')"
1505,18,,"('f', 'h')"
1506,12,,"('a', 'a')"
1507,9,,"('h', 'h')"
1508,27,,"('a', 'a')"
1509,12,,"('h', 'a')"
1510,9,,"('h', 'h')"
1511,13,,"('a', 'a')"
1512,20,,"('h', 'h')"
1513,16,,"('a', 'h')"
1514,15,,"('a', 'a')"
1515,9,,"('h', 'h')"
1516,12,,"('a', 'a')"
1517,12,,"('h', 'h')"
1518,12,,"('a', 'a')"
1519,30,,"('f', 'h')"
1520,12,,"('a', 'h')"
1521,15,,"('a', 'a')"
1522,20,,"('h', 'a')"
1523,9,,"('h', 'h')"
1524,12,,"('a', 'a')"
1525,13,,"('h', 'a')"
1526,12,,"('h', 'a')"
1527,10,,"('h', 'h')"
1528,12,,"('g', 'g')"
1529,10,,"('e', 'e')"
1530,19,,"('d', 'd')"
1531,13,,"('e', 'e')"
1532,8,,"('c', 'c')"
1533,16,,"('f', 'f')"
1534,10,,"('h', 'h')"
1535,10,,"('b', 'b')"
1536,11,,"('b', 'd')"
1537,7,,"('e', 'e')"
1538,5,,"('c', 'b')"
1539,10,,"('d', 'b')"
1540,2,,"('b', 'b')"
1541,9,,"('b', 'd')"
1542,31,,"('d', 'd')"
1543,25,,"('d', 'd')"
1544,16,,"('d', 'd')"
1545,8,,"('e', 'e')"
1546,11,,"('d', 'b')"
1547,19,,"('h', 'a')"
1548,14,,"('h', 'h')"
1549,10,,"('a', 'a')"
1550,15,,"('g', 'g')"
1551,18,,"('e', 'd')"
1552,10,,"('e', 'e')"
1553,10,,"('d', 'd')"
1554,10,,"('b', 'b')"
1555,27,,"('b', 'b')"
1556,17,,"('b', 'b')"
1557,16,,"('b', 'b')"
1558,17,,"('b', 'b')"
1559,20,,"('i', 'j')"
1560,13,,"('i', 'i')"
1561,10,,"('j', 'j')"
1562,13,,"('i', 'i')"
1563,13,,"('c', 'c')"
1564,12,,"('a', 'h')"
1565,10,,"('a', 'a')"
1566,10,,"('h', 'h')"
1567,12,,"('a', 'h')"
1568,9,,"('a', 'a')"
1569,14,,"('h', 'a')"
1570,14,,"('h', 'h')"
1571,10,,"('a', 'a')"
1572,12,,"('h', 'h')"
1573,11,,"('f', 'h')"
1574,10,,"('a', 'a')"
1575,11,,"('g', 'g')"
1576,11,,"('d', 'd')"
1577,9,,"('e', 'e')"
1578,10,,"('d', 'd')"
1579,16,,"('b', 'b')"
1580,12,,"('i', 'i')"
1581,6,,"('j', 'c')"
1582,8,,"('f', 'f')"
1583,5,,"('g', 'b')"
1584,11,,"('d', 'd')"
1585,12,,"('d', 'd')"
1586,13,,"('e', 'e')"
1587,17,,"('c', 'c')"
1588,15,,"('f', 'f')"
1589,7,,"('g', 'f')"
1590,13,,"('g', 'f')"
1591,6,,"('h', 'h')"
1592,15,,"('d', 'd')"
1593,7,,"('d', 'd')"
1594,21,,"('e', 'd')"
1595,18,,"('e', 'b')"
1596,9,,"('b', 'd')"
1597,9,,"('d', 'b')"
1598,7,,"('b', 'b')"
1599,10,,"('b', 'b')"
1600,13,,"('b', 'b')"
1601,14,,"('j', 'i')"
1602,11,,"('j', 'j')"
1603,16,,"('i', 'i')"
1604,9,,"('j', 'j')"
1605,18,,"('i', 'i')"
1606,12,,"('j', 'j')"
1607,13,,"('c', 'c')"
1608,10,,"('h', 'a')"
1609,15,,"('h', 'h')"
1610,10,,"('a', 'a')"
1611,15,,"('h', 'h')"
1612,12,,"('a', 'a')"
1613,12,,"('h', 'h')"
1614,11,,"('a', 'a')"
1615,17,,"('g', 'g')"
1616,10,,"('e', 'd')"
1617,10,,"('e', 'e')"
1618,16,,"('b', 'b')"
1619,16,,"('i', 'i')"
1620,9,,"('j', 'j')"
1621,17,,"('i', 'i')"
1622,10,,"('c', 'c')"
1623,14,,"('a', 'h')"
1624,9,,"('a', 'a')"
1625,14,,"('h', 'h')"
1626,13,,"('a', 'a')"
1627,10,,"('h', 'h')"
1628,16,,"('g', 'g')"
1629,10,,"('e', 'd')"
1630,15,,"('e', 'e')"
1631,10,,"('d', 'd')"
1632,9,,"('e', 'e')"
1633,19,,"('d', 'd')"
1634,6,,"('b', 'b')"
1635,9,,"('d', 'd')"
1636,19,,"('d', 'd')"
1637,6,,"('e', 'b')"
1638,2,,"('b', 'b')"
1639,2,,"('b', 'b')"
1640,9,,"('b', 'd')"
1641,16,,"('d', 'b')"
1642,14,,"('d', 'd')"
1643,21,,"('e', 'd')"
1644,11,,"('e', 'e')"
1645,30,,"('d', 'b')"
1646,21,,"('b', 'b')"
1647,10,,"('h', 'a')"
1648,11,,"('h', 'h')"
1649,23,,"('g', 'g')"
1650,11,,"('e', 'd')"
1651,9,,"('e', 'e')"
1652,9,,"('d', 'd')"
1653,30,,"('e', 'e')"
1654,14,,"('d', 'd')"
1655,13,,"('e', 'e')"
1656,14,,"('b', 'b')"
1657,10,,"('b', 'b')"
1658,10,,"('i', 'j')"
1659,15,,"('i', 'i')"
1660,9,,"('j', 'j')"
1661,12,,"('i', 'i')"
1662,10,,"('c', 'c')"
1663,16,,"('a', 'h')"
1664,10,,"('a', 'a')"
1665,10,,"('h', 'h')"
1666,12,,"('a', 'a')"
1667,10,,"('h', 'h')"
1668,10,,"('g', 'g')"
1669,11,,"('d', 'd')"
1670,10,,"('e', 'e')"
1671,10,,"('b', 'b')"
1672,10,,"('j', 'i')"
1673,9,,"('j', 'j')"
1674,10,,"('i', 'i')"
1675,23,,"('c', 'c')"
1676,13,,"('a', 'a')"
1677,9,,"('h', 'h')"
1678,13,,"('a', 'a')"
1679,15,,"('h', 'h')"
1680,21,,"('a', 'h')"
1681,15,,"('a', 'a')"
1682,10,,"('h', 'h')"
1683,11,,"('f', 'h')"
1684,12,,"('a', 'd')"
1685,8,,"('d', 'd')"
1686,14,,"('d', 'd')"
1687,9,,"('e', 'e')"
1688,8,,"('d', 'd')"
1689,6,,"('e', 'b')"
1690,8,,"('d', 'd')"
1691,13,,"('d', 'd')"
1692,12,,"('d', 'd')"
1693,10,,"('e', 'd')"
1694,13,,"('a', 'b')"
1695,9,,"('b', 'd')"
1696,10,,"('d', 'd')"
1697,9,,"('e', 'a')"
1698,8,,"('e', 'e')"
1699,12,,"('d', 'd')"
1700,8,,"('e', 'h')"
1701,20,,"('a', 'a')"
1702,12,,"('h', 'h')"
1703,11,,"('a', 'a')"
1704,20,,"('f', 'a')"
1705,12,,"('h', 'h')"
1706,13,,"('g', 'g')"
1707,12,,"('e', 'e')"
1708,9,,"('d', 'd')"
1709,11,,"('e', 'e')"
1710,16,,"('b', 'b')"
1711,10,,"('i', 'i')"
1712,18,,"('j', 'j')"
1713,9,,"('i', 'i')"
1714,9,,"('j', 'j')"
1715,13,,"('i', 'i')"
1716,11,,"('c', 'c')"
1717,28,,"('h', 'a')"
1718,12,,"('h', 'h')"
1719,12,,"('a', 'a')"
1720,11,,"('g', 'g')"
1721,13,,"('d', 'e')"
1722,13,,"('d', 'd')"
1723,11,,"('e', 'e')"
1724,13,,"('b', 'b')"
1725,10,,"('b', 'b')"
1726,24,,"('b', 'b')"
1727,16,,"('b', 'b')"
1728,16,,"('j', 'j')"
1729,23,,"('i', 'i')"
1730,11,,"('j', 'j')"
1731,10,,"('i', 'i')"
1732,13,,"('j', 'j')"
1733,10,,"('i', 'i')"
1734,13,,"('c', 'c')"
1735,15,,"('a', 'h')"
1736,15,,"('a', 'h')"
1737,13,,"('a', 'a')"
1738,11,,"('h', 'h')"
1739,20,,"('f', 'h')"
1740,12,,"('a', 'b')"
1741,2,,"('b', 'b')"
1742,22,,"('b', 'b')"
1743,2,,"('b', 'b')"
1744,13,,"('a', 'a')"
1745,9,,"('d', 'd')"
1746,14,,"('d', 'b')"
1747,17,,"('a', 'b')"
1748,6,,"('d', 'd')"
1749,7,,"('d', 'b')"
1750,2,,"('b', 'b')"
1751,10,,"('h', 'h')"
1752,11,,"('a', 'a')"
1753,13,,"('f', 'a')"
1754,18,,"('h', 'h')"
1755,12,,"('a', 'h')"
1756,27,,"('a', 'a')"
1757,15,,"('h', 'a')"
1758,11,,"('h', 'h')"
1759,10,,"('a', 'a')"
1760,10,,"('h', 'h')"
1761,15,,"('f', 'h')"
1762,22,,"('a', 'a')"
1763,9,,"('h', 'h')"
1764,9,,"('a', 'a')"
1765,12,,"('h', 'h')"
1766,16,,"('a', 'h')"
1767,17,,"('a', 'h')"
1768,23,,"('a', 'h')"
1769,9,,"('a', 'a')"
1770,14,,"('h', 'a')"
1771,15,,"('h', 'h')"
1772,10,,"('a', 'a')"
1773,15,,"('h', 'h')"
1774,13,,"('a', 'h')"
1775,9,,"('a', 'a')"
1776,15,,"('h', 'a')"
1777,10,,"('h', 'h')"
1778,16,,"('g', 'g')"
1779,10,,"('d', 'e')"
1780,13,,"('d', 'd')"
1781,10,,"('e', 'e')"
1782,18,,"('d', 'd')"
1783,22,,"('b', 'b')"
1784,13,,"('i', 'i')"
1785,14,,"('j', 'j')"
1786,13,,"('i', 'i')"
1787,9,,"('j', 'j')"
1788,13,,"('i', 'i')"
1789,14,,"('c', 'c')"
1790,14,,"('h', 'h')"
1791,11,,"('a', 'a')"
1792,22,,"('g', 'g')"
1793,9,,"('e', 'd')"
1794,7,,"('d', 'b')"
1795,2,,"('b', 'b')"
1796,11,,"('b', 'd')"
1797,12,,"('d', 'b')"
1798,18,,"('d', 'd')"
1799,19,,"('d', 'd')"
1800,10,,"('d', 'd')"
1801,9,,"('e', 'e')"
1802,6,,"('c', 'c')"
1803,15,,"('f', 'f')"
1804,4,,"('h', 'h')"
1805,23,,"('f', 'a')"
1806,10,,"('h', 'h')"
1807,9,,"('a', 'a')"
1808,15,,"('h', 'h')"
1809,13,,"('a', 'a')"
1810,20,,"('f', 'a')"
1811,14,,"('h', 'a')"
1812,12,,"('h', 'h')"
1813,12,,"('a', 'h')"
1814,17,,"('a', 'a')"
1815,11,,"('h', 'h')"
1816,14,,"('f', 'h')"
1817,10,,"('a', 'a')"
1818,13,,"('g', 'g')"
1819,12,,"('d', 'd')"
1820,29,,"('e', 'e')"
1821,11,,"('b', 'b')"
1822,14,,"('b', 'b')"
1823,37,,"('b', 'b')"
1824,11,,"('j', 'i')"
1825,10,,"('j', 'j')"
1826,9,,"('i', 'i')"
1827,11,,"('j', 'j')"
1828,11,,"('i', 'i')"
1829,13,,"('c', 'c')"
1830,14,,"('h', 'a')"
1831,10,,"('h', 'h')"
1832,11,,"('a', 'a')"
1833,11,,"('f', 'a')"
1834,19,,"('h', 'h')"
1835,11,,"('a', 'a')"
1836,10,,"('h', 'h')"
1837,13,,"('g', 'g')"
1838,11,,"('d', 'd')"
1839,10,,"('e', 'e')"
1840,15,,"('b', 'b')"
1841,13,,"('b', 'b')"
1842,10,,"('b', 'b')"
1843,12,,"('b', 'b')"
1844,10,,"('b', 'b')"
1845,10,,"('b', 'b')"
1846,13,,"('i', 'i')"
1847,12,,"('j', 'j')"
1848,14,,"('i', 'i')"
1849,8,,"('j', 'c')"
1850,4,,"('f', 'b')"
1851,13,,"('d', 'b')"
1852,9,,"('d', 'd')"
1853,16,,"('e', 'd')"
1854,15,,"('e', 'e')"
1855,9,,"('c', 'b')"
1856,8,,"('b', 'b')"
1857,2,,"('b', 'b')"
1858,10,,"('a', 'h')"
1859,9,,"('a', 'a')"
1860,22,,"('h', 'a')"
1861,12,,"('h', 'h')"
1862,15,,"('a', 'a')"
1863,16,,"('g', 'g')"
1864,14,,"('e', 'd')"
1865,12,,"('e', 'e')"
1866,10,,"('b', 'b')"
1867,10,,"('j', 'i')"
1868,14,,"('j', 'j')"
1869,12,,"('c', 'c')"
1870,13,,"('a', 'h')"
1871,16,,"('a', 'a')"
1872,12,,"('f', 'a')"
1873,9,,"('h', 'h')"
1874,16,,"('a', 'h')"
1875,10,,"('a', 'a')"
1876,12,,"('f', 'h')"
1877,10,,"('a', 'a')"
1878,17,,"('g', 'g')"
1879,21,,"('d', 'd')"
1880,11,,"('e', 'e')"
1881,20,,"('d', 'd')"
1882,10,,"('e', 'e')"
1883,13,,"('b', 'b')"
1884,14,,"('b', 'b')"
1885,10,,"('i', 'i')"
1886,14,,"('j', 'j')"
1887,12,,"('c', 'c')"
1888,11,,"('h', 'h')"
1889,11,,"('a', 'a')"
1890,17,,"('g', 'g')"
1891,13,,"('e', 'd')"
1892,10,,"('e', 'e')"
1893,11,,"('b', 'b')"
1894,10,,"('b', 'b')"
1895,11,,"('b', 'b')"
1896,18,,"('b', 'b')"
1897,10,,"('b', 'b')"
1898,10,,"('j', 'i')"
1899,12,,"('j', 'j')"
1900,17,,"('i', 'i')"
1901,10,,"('c', 'c')"
1902,19,,"('a', 'd')"
1903,21,,"('e', 'b')"
1904,21,,"('b', 'd')"
1905,31,,"('e', 'd')"
1906,21,,"('d', 'd')"
1907,20,,"('d', 'd')"
1908,14,,"('d', 'd')"
1909,29,,"('a', 'd')"
1910,14,,"('d', 'b')"
1911,13,,"('h', 'a')"
1912,15,,"('h', 'h')"
1913,16,,"('a', 'h')"
1914,10,,"('a', 'a')"
1915,10,,"('g', 'g')"
1916,16,,"('d', 'e')"
1917,13,,"('d', 'd')"
1918,15,,"('e', 'e')"
1919,10,,"('b', 'b')"
1920,16,,"('i', 'i')"
1921,17,,"('j', 'j')"
1922,11,,"('c', 'c')"
1923,17,,"('h', 'h')"
1924,14,,"('a', 'a')"
1925,12,,"('h', 'h')"
1926,9,,"('a', 'a')"
1927,10,,"('h', 'h')"
1928,21,,"('a', 'h')"
1929,15,,"('a', 'a')"
1930,24,,"('h', 'a')"
1931,15,,"('h', 'a')"
1932,9,,"('h', 'h')"
1933,12,,"('a', 'a')"
1934,14,,"('h', 'h')"
1935,19,,"('a', 'h')"
1936,10,,"('a', 'a')"
1937,17,,"('g', 'g')"
1938,10,,"('e', 'e')"
1939,10,,"('d', 'd')"
1940,21,,"('e', 'e')"
1941,10,,"('b', 'b')"
1942,10,,"('j', 'i')"
1943,10,,"('j', 'j')"
1944,12,,"('c', 'c')"
1945,14,,"('a', 'a')"
1946,19,,"('h', 'h')"
1947,10,,"('a', 'a')"
1948,18,,"('h', 'h')"
1949,9,,"('a', 'a')"
1950,19,,"('h', 'a')"
1951,13,,"('h', 'h')"
1952,10,,"('a', 'a')"
1953,14,,"('h', 'h')"
1954,9,,"('a', 'a')"
1955,10,,"('h', 'h')"
1956,16,,"('g', 'g')"
1957,14,,"('e', 'e')"
1958,6,,"('d', 'b')"
1959,11,,"('d', 'd')"
1960,11,,"('d', 'b')"
1961,9,,"('d', 'd')"
1962,17,,"('e', 'd')"
1963,7,,"('d', 'd')"
1964,7,,"('d', 'b')"
1965,15,,"('b', 'a')"
1966,13,,"('h', 'h')"
1967,15,,"('f', 'a')"
1968,12,,"('h', 'a')"
1969,10,,"('h', 'h')"
1970,23,,"('g', 'g')"
1971,23,,"('d', 'd')"
1972,22,,"('e', 'e')"
1973,16,,"('b', 'b')"
1974,10,,"('b', 'b')"
1975,12,,"('j', 'i')"
1976,9,,"('j', 'j')"
1977,18,,"('i', 'i')"
1978,13,,"('j', 'j')"
1979,13,,"('i', 'i')"
1980,10,,"('c', 'c')"
1981,14,,"('a', 'a')"
1982,10,,"('h', 'h')"
1983,13,,"('a', 'a')"
1984,12,,"('h', 'a')"
1985,10,,"('h', 'h')"
1986,23,,"('f', 'a')"
1987,18,,"('h', 'a')"
1988,13,,"('h', 'a')"
1989,10,,"('h', 'h')"
1990,17,,"('g', 'g')"
1991,13,,"('d', 'd')"
1992,14,,"('e', 'e')"
1993,10,,"('d', 'd')"
1994,11,,"('b', 'b')"
1995,23,,"('b', 'b')"
1996,17,,"('i', 'j')"
1997,17,,"('i', 'i')"
1998,13,,"('c', 'c')"
1999,11,,"('h', 'h')"
2000,14,,"('a', 'a')"
2001,10,,"('h', 'h')"
2002,16,,"('g', 'g')"
2003,11,,"('d', 'e')"
2004,13,,"('d', 'd')"
2005,15,,"('b', 'b')"
2006,13,,"('i', 'i')"
2007,16,,"('j', 'j')"
2008,11,,"('c', 'c')"
2009,10,,"('h', 'h')"
2010,9,,"('a', 'a')"
2011,15,,"('h', 'a')"
2012,9,,"('h', 'h')"
2013,9,,"('a', 'a')"
2014,12,,"('h', 'd')"
2015,10,,"('e', 'd')"
2016,10,,"('e', 'd')"
2017,36,,"('d', 'b')"
2018,26,,"('d', 'd')"
2019,6,,"('e', 'b')"
2020,10,,"('d', 'b')"
2021,14,,"('a', 'h')"
2022,10,,"('a', 'a')"
2023,13,,"('f', 'h')"
2024,13,,"('a', 'a')"
2025,16,,"('h', 'a')"
2026,9,,"('h', 'h')"
2027,10,,"('a', 'a')"
2028,14,,"('f', 'a')"
2029,16,,"('h', 'h')"
2030,11,,"('a', 'a')"
2031,9,,"('h', 'h')"
2032,15,,"('a', 'h')"
2033,10,,"('a', 'a')"
2034,10,,"('g', 'g')"
2035,14,,"('d', 'd')"
2036,11,,"('e', 'e')"
2037,10,,"('b', 'b')"
2038,35,,"('j', 'j')"
2039,13,,"('i', 'i')"
2040,21,,"('j', 'j')"
2041,28,,"('i', 'i')"
2042,13,,"('j', 'j')"
2043,11,,"('c', 'c')"
2044,13,,"('a', 'h')"
2045,11,,"('a', 'a')"
2046,15,,"('f', 'h')"
2047,16,,"('a', 'a')"
2048,11,,"('h', 'h')"
2049,11,,"('a', 'a')"
2050,18,,"('g', 'g')"
2051,13,,"('d', 'd')"
2052,15,,"('e', 'e')"
2053,12,,"('d', 'd')"
2054,9,,"('e', 'e')"
2055,9,,"('d', 'd')"
2056,14,,"('e', 'e')"
2057,15,,"('d', 'd')"
2058,13,,"('e', 'e')"
2059,10,,"('b', 'b')"
2060,11,,"('i', 'j')"
2061,12,,"('i', 'i')"
2062,10,,"('j', 'j')"
2063,10,,"('i', 'i')"
2064,16,,"('j', 'j')"
2065,16,,"('c', 'c')"
2066,13,,"('h', 'a')"
2067,10,,"('h', 'h')"
2068,11,,"('f', 'h')"
2069,16,,"('a', 'h')"
2070,40,,"('a', 'a')"
2071,16,,"('h', 'h')"
2072,12,,"('a', 'd')"
2073,21,,"('d', 'd')"
2074,19,,"('d', 'b')"
2075,18,,"('b', 'b')"
2076,12,,"('b', 'b')"
2077,15,,"('h', 'h')"
2078,19,,"('a', 'a')"
2079,16,,"('h', 'a')"
2080,27,,"('h', 'a')"
2081,14,,"('h', 'h')"
2082,15,,"('g', 'g')"
2083,25,,"('e', 'e')"
2084,11,,"('d', 'd')"
2085,17,,"('b', 'b')"
2086,18,,"('b', 'b')"
2087,10,,"('i', 'i')"
2088,10,,"('j', 'j')"
2089,16,,"('c', 'c')"
2090,19,,"('a', 'a')"
2091,9,,"('h', 'h')"
2092,10,,"('a', 'a')"
2093,22,,"('g', 'g')"
2094,14,,"('d', 'e')"
2095,16,,"('d', 'd')"
2096,10,,"('e', 'e')"
2097,12,,"('b', 'b')"
2098,10,,"('i', 'i')"
2099,13,,"('j', 'j')"
2100,13,,"('c', 'c')"
2101,16,,"('h', 'a')"
2102,12,,"('h', 'a')"
2103,13,,"('h', 'h')"
2104,15,,"('a', 'h')"
2105,18,,"('a', 'a')"
2106,15,,"('h', 'h')"
2107,12,,"('a', 'a')"
2108,11,,"('f', 'a')"
2109,15,,"('h', 'h')"
2110,9,,"('a', 'a')"
2111,12,,"('h', 'h')"
2112,12,,"('a', 'a')"
2113,18,,"('h', 'a')"
2114,19,,"('h', 'h')"
2115,10,,"('a', 'a')"
2116,13,,"('g', 'g')"
2117,16,,"('d', 'e')"
2118,9,,"('d', 'd')"
2119,9,,"('e', 'e')"
2120,10,,"('d', 'd')"
2121,19,,"('b', 'b')"
2122,20,,"('b', 'b')"
2123,14,,"('b', 'b')"
2124,11,,"('b', 'b')"
2125,11,,"('j', 'j')"
2126,14,,"('i', 'i')"
2127,12,,"('c', 'c')"
2128,10,,"('a', 'h')"
2129,12,,"('a', 'd')"
2130,15,,"('e', 'b')"
2131,15,,"('b', 'b')"
2132,7,,"('d', 'h')"
2133,12,,"('a', 'a')"
2134,10,,"('h', 'h')"
2135,18,,"('f', 'h')"
2136,12,,"('a', 'a')"
2137,18,,"('h', 'a')"
2138,11,,"('h', 'h')"
2139,11,,"('f', 'a')"
2140,12,,"('h', 'a')"
2141,9,,"('h', 'h')"
2142,10,,"('a', 'a')"
2143,11,,"('g', 'g')"
2144,10,,"('d', 'e')"
2145,9,,"('d', 'd')"
2146,14,,"('e', 'e')"
2147,12,,"('b', 'b')"
2148,10,,"('i', 'j')"
2149,23,,"('i', 'i')"
2150,11,,"('c', 'c')"
2151,15,,"('h', 'h')"
2152,12,,"('a', 'a')"
2153,21,,"('h', 'h')"
2154,19,,"('a', 'h')"
2155,9,,"('a', 'a')"
2156,15,,"('h', 'h')"
2157,10,,"('a', 'a')"
2158,14,,"('f', 'h')"
2159,21,,"('a', 'h')"
2160,12,,"('a', 'a')"
2161,12,,"('h', 'h')"
2162,12,,"('a', 'a')"
2163,12,,"('f', 'a')"
2164,13,,"('h', 'h')"
2165,12,,"('a', 'h')"
2166,21,,"('a', 'h')"
2167,12,,"('a', 'h')"
2168,13,,"('a', 'a')"
2169,15,,"('f', 'a')"
2170,11,,"('h', 'h')"
2171,12,,"('a', 'a')"
2172,13,,"('h', 'a')"
2173,24,,"('h', 'a')"
2174,10,,"('h', 'h')"
2175,14,,"('g', 'g')"
2176,12,,"('e', 'e')"
2177,10,,"('d', 'd')"
2178,10,,"('b', 'b')"
2179,22,,"('b', 'b')"
2180,15,,"('j', 'j')"
2181,16,,"('i', 'i')"
2182,16,,"('c', 'c')"
2183,15,,"('a', 'h')"
2184,9,,"('a', 'a')"
2185,24,,"('h', 'a')"
2186,9,,"('h', 'h')"
2187,11,,"('a', 'a')"
2188,12,,"('h', 'b')"
2189,23,,"('d', 'd')"
2190,19,,"('d', 'd')"
2191,11,,"('e', 'h')"
2192,13,,"('f', 'a')"
2193,16,,"('h', 'a')"
2194,13,,"('h', 'a')"
2195,13,,"('h', 'a')"
2196,14,,"('h', 'h')"
2197,13,,"('g', 'g')"
2198,13,,"('e', 'd')"
2199,9,,"('e', 'e')"
2200,11,,"('d', 'd')"
2201,10,,"('b', 'b')"
2202,11,,"('i', 'i')"
2203,17,,"('j', 'j')"
2204,14,,"('c', 'c')"
2205,14,,"('h', 'h')"
2206,13,,"('a', 'a')"
2207,10,,"('h', 'h')"
2208,13,,"('a', 'a')"
2209,11,,"('g', 'g')"
2210,16,,"('d', 'd')"
2211,10,,"('e', 'e')"
2212,13,,"('d', 'd')"
2213,11,,"('b', 'b')"
2214,16,,"('i', 'i')"
2215,15,,"('j', 'j')"
2216,9,,"('i', 'i')"
2217,9,,"('j', 'j')"
2218,13,,"('i', 'i')"
2219,11,,"('j', 'j')"
2220,10,,"('c', 'c')"
2221,11,,"('h', 'h')"
2222,10,,"('a', 'a')"
2223,11,,"('f', 'a')"
2224,16,,"('h', 'h')"
2225,16,,"('a', 'a')"
2226,10,,"('h', 'h')"
2227,14,,"('a', 'a')"
2228,16,,"('g', 'g')"
2229,15,,"('e', 'd')"
2230,16,,"('e', 'e')"
2231,15,,"('d', 'd')"
2232,11,,"('e', 'e')"
2233,21,,"('b', 'b')"
2234,10,,"('i', 'i')"
2235,10,,"('j', 'j')"
2236,10,,"('c', 'c')"
2237,12,,"('a', 'h')"
2238,20,,"('a', 'a')"
2239,12,,"('h', 'h')"
2240,9,,"('a', 'a')"
2241,9,,"('h', 'h')"
2242,11,,"('a', 'a')"
2243,12,,"('h', 'h')"
2244,17,,"('f', 'a')"
2245,12,,"('h', 'h')"
2246,10,,"('a', 'a')"
2247,16,,"('g', 'g')"
2248,7,,"('e', 'b')"
2249,16,,"('b', 'b')"
2250,14,,"('h', 'h')"
2251,13,,"('a', 'a')"
2252,10,,"('h', 'h')"
2253,12,,"('f', 'h')"
2254,9,,"('a', 'a')"
2255,10,,"('h', 'h')"
2256,11,,"('f', 'a')"
2257,10,,"('h', 'h')"
2258,18,,"('a', 'a')"
2259,15,,"('h', 'a')"
2260,11,,"('h', 'h')"
2261,32,,"('f', 'a')"
2262,10,,"('h', 'h')"
2263,10,,"('a', 'a')"
2264,12,,"('h', 'a')"
2265,13,,"('h', 'h')"
2266,12,,"('a', 'h')"
2267,12,,"('a', 'a')"
2268,10,,"('h', 'h')"
2269,13,,"('g', 'g')"
2270,13,,"('e', 'e')"
2271,9,,"('d', 'd')"
2272,16,,"('e', 'e')"
2273,18,,"('b', 'b')"
2274,11,,"('b', 'b')"
2275,12,,"('i', 'j')"
2276,11,,"('i', 'i')"
2277,10,,"('j', 'j')"
2278,17,,"('c', 'c')"
2279,13,,"('h', 'h')"
2280,10,,"('a', 'a')"
2281,13,,"('g', 'g')"
2282,11,,"('d', 'd')"
2283,11,,"('e', 'e')"
2284,14,,"('b', 'b')"
2285,13,,"('j', 'j')"
2286,9,,"('i', 'i')"
2287,12,,"('j', 'j')"
2288,15,,"('i', 'i')"
2289,10,,"('c', 'c')"
2290,15,,"('a', 'a')"
2291,13,,"('h', 'h')"
2292,26,,"('g', 'g')"
2293,10,,"('e', 'd')"
2294,22,,"('e', 'e')"
2295,9,,"('d', 'd')"
2296,10,,"('e', 'e')"
2297,17,,"('b', 'b')"
2298,18,,"('i', 'j')"
2299,19,,"('i', 'i')"
2300,30,,"('c', 'c')"
2301,11,,"('a', 'h')"
2302,9,,"('a', 'a')"
2303,12,,"('h', 'a')"
2304,12,,"('h', 'a')"
2305,12,,"('h', 'h')"
2306,12,,"('a', 'h')"
2307,12,,"('a', 'h')"
2308,10,,"('a', 'a')"
2309,18,,"('f', 'a')"
2310,16,,"('h', 'h')"
2311,12,,"('a', 'h')"
2312,19,,"('a', 'a')"
2313,14,,"('h', 'h')"
2314,14,,"('a', 'a')"
2315,11,,"('h', 'h')"
2316,14,,"('f', 'd')"
2317,20,,"('d', 'd')"
2318,7,,"('e', 'h')"
2319,11,,"('a', 'a')"
2320,11,,"('f', 'h')"
2321,16,,"('a', 'h')"
2322,12,,"('a', 'a')"
2323,11,,"('g', 'g')"
2324,19,,"('d', 'e')"
2325,10,,"('d', 'd')"
2326,13,,"('b', 'b')"
2327,16,,"('i', 'j')"
2328,9,,"('i', 'i')"
2329,12,,"('j', 'j')"
2330,19,,"('c', 'c')"
2331,10,,"('a', 'a')"
2332,13,,"('h', 'h')"
2333,19,,"('a', 'h')"
2334,10,,"('a', 'a')"
2335,10,,"('g', 'g')"
2336,11,,"('e', 'd')"
2337,28,,"('e', 'e')"
2338,13,,"('b', 'b')"
2339,10,,"('j', 'i')"
2340,9,,"('j', 'j')"
2341,17,,"('i', 'i')"
2342,10,,"('c', 'c')"
2343,15,,"('a', 'h')"
2344,18,,"('a', 'h')"
2345,12,,"('a', 'a')"
2346,12,,"('h', 'a')"
2347,15,,"('h', 'a')"
2348,12,,"('h', 'h')"
2349,20,,"('g', 'g')"
2350,13,,"('d', 'd')"
2351,13,,"('e', 'e')"
2352,10,,"('b', 'b')"
2353,10,,"('i', 'j')"
2354,10,,"('i', 'i')"
2355,15,,"('c', 'c')"
2356,18,,"('h', 'h')"
2357,12,,"('a', 'h')"
2358,12,,"('a', 'a')"
2359,14,,"('g', 'g')"
2360,19,,"('e', 'e')"
2361,12,,"('d', 'd')"
2362,10,,"('b', 'b')"
2363,11,,"('b', 'b')"
2364,10,,"('i', 'j')"
2365,11,,"('i', 'i')"
2366,18,,"('c', 'c')"
2367,11,,"('h', 'h')"
2368,11,,"('a', 'a')"
2369,9,,"('h', 'h')"
2370,10,,"('a', 'a')"
2371,16,,"('g', 'g')"
2372,10,,"('d', 'e')"
2373,10,,"('d', 'd')"
2374,20,,"('b', 'b')"
2375,15,,"('j', 'j')"
2376,32,,"('i', 'i')"
2377,18,,"('c', 'c')"
2378,13,,"('h', 'a')"
2379,11,,"('h', 'h')"
2380,12,,"('f', 'a')"
2381,9,,"('h', 'h')"
2382,19,,"('a', 'h')"
2383,10,,"('a', 'a')"
2384,12,,"('h', 'h')"
2385,12,,"('a', 'a')"
2386,12,,"('h', 'h')"
2387,10,,"('a', 'a')"
2388,11,,"('f', 'a')"
2389,10,,"('h', 'h')"
2390,24,,"('a', 'a')"
2391,13,,"('h', 'a')"
2392,9,,"('h', 'h')"
2393,11,,"('a', 'a')"
2394,10,,"('h', 'h')"
2395,23,,"('f', 'a')"
2396,10,,"('h', 'h')"
2397,11,,"('g', 'g')"
2398,16,,"('e', 'd')"
2399,11,,"('e', 'e')"
2400,19,,"('b', 'b')"
2401,13,,"('j', 'i')"
2402,12,,"('j', 'j')"
2403,17,,"('i', 'i')"
2404,13,,"('j', 'j')"
2405,13,,"('i', 'i')"
2406,10,,"('c', 'c')"
2407,11,,"('a', 'h')"
2408,13,,"('a', 'a')"
2409,16,,"('h', 'a')"
2410,9,,"('h', 'h')"
2411,11,,"('a', 'a')"
2412,13,,"('g', 'g')"
2413,19,,"('e', 'e')"
2414,10,,"('d', 'd')"
2415,11,,"('e', 'e')"
2416,11,,"('b', 'b')"
2417,10,,"('j', 'i')"
2418,18,,"('j', 'j')"
2419,12,,"('c', 'c')"
2420,14,,"('h', 'h')"
2421,14,,"('a', 'a')"
2422,10,,"('h', 'h')"
2423,11,,"('f', 'a')"
2424,18,,"('h', 'a')"
2425,9,,"('h', 'h')"
2426,18,,"('a', 'a')"
2427,11,,"('h', 'h')"
2428,20,,"('f', 'a')"
2429,22,,"('h', 'h')"
2430,13,,"('a', 'a')"
2431,11,,"('h', 'h')"
2432,25,,"('f', 'h')"
2433,23,,"('a', 'h')"
2434,10,,"('a', 'a')"
2435,13,,"('g', 'g')"
2436,18,,"('e', 'd')"
2437,11,,"('e', 'e')"
2438,10,,"('d', 'd')"
2439,13,,"('b', 'b')"
2440,10,,"('b', 'b')"
2441,11,,"('b', 'b')"
2442,13,,"('b', 'b')"
2443,19,,"('j', 'j')"
2444,10,,"('i', 'i')"
2445,12,,"('c', 'c')"
2446,13,,"('h', 'a')"
2447,13,,"('h', 'a')"
2448,12,,"('h', 'h')"
2449,11,,"('a', 'a')"
2450,11,,"('f', 'a')"
2451,15,,"('h', 'h')"
2452,14,,"('a', 'h')"
2453,12,,"('a', 'h')"
2454,12,,"('a', 'h')"
2455,13,,"('a', 'h')"
2456,9,,"('a', 'a')"
2457,15,,"('h', 'a')"
2458,12,,"('h', 'h')"
2459,11,,"('f', 'h')"
2460,9,,"('a', 'a')"
2461,15,,"('h', 'h')"
2462,10,,"('a', 'a')"
2463,10,,"('h', 'h')"
2464,21,,"('a', 'h')"
2465,13,,"('a', 'h')"
2466,12,,"('a', 'h')"
2467,13,,"('a', 'a')"
2468,19,,"('h', 'a')"
2469,10,,"('h', 'h')"
2470,22,,"('g', 'g')"
2471,10,,"('d', 'd')"
2472,9,,"('e', 'e')"
2473,19,,"('d', 'd')"
2474,10,,"('b', 'b')"
2475,10,,"('b', 'b')"
2476,19,,"('i', 'i')"
2477,10,,"('j', 'j')"
2478,23,,"('c', 'c')"
2479,13,,"('a', 'a')"
2480,9,,"('h', 'h')"
2481,10,,"('a', 'a')"
2482,12,,"('h', 'h')"
2483,10,,"('a', 'a')"
2484,11,,"('h', 'h')"
2485,11,,"('a', 'a')"
2486,11,,"('g', 'g')"
2487,25,,"('e', 'e')"
2488,14,,"('d', 'd')"
2489,21,,"('e', 'e')"
2490,15,,"('d', 'd')"
2491,10,,"('b', 'b')"
2492,12,,"('b', 'b')"
2493,10,,"('j', 'j')"
2494,9,,"('i', 'i')"
2495,10,,"('j', 'j')"
2496,13,,"('c', 'c')"
2497,10,,"('h', 'h')"
2498,19,,"('a', 'h')"
2499,12,,"('a', 'a')"
2500,14,,"('g', 'g')"
2501,11,,"('e', 'e')"
2502,16,,"('d', 'd')"
2503,10,,"('b', 'b')"
2504,15,,"('b', 'b')"
2505,10,,"('i', 'i')"
2506,19,,"('j', 'j')"
2507,10,,"('c', 'c')"
2508,10,,"('h', 'h')"
2509,13,,"('a', 'a')"
2510,19,,"('f', 'a')"
2511,21,,"('h', 'a')"
2512,20,,"('h', 'a')"
2513,12,,"('h', 'h')"
2514,18,,"('a', 'h')"
2515,15,,"('a', 'h')"
2516,10,,"('a', 'a')"
2517,11,,"('f', 'h')"
2518,18,,"('a', 'h')"
2519,11,,"('a', 'a')"
2520,14,,"('f', 'a')"
2521,12,,"('h', 'h')"
2522,35,,"('f', 'a')"
2523,11,,"('h', 'h')"
2524,12,,"('a', 'a')"
2525,11,,"('h', 'h')"
2526,11,,"('f', 'a')"
2527,12,,"('h', 'h')"
2528,15,,"('a', 'h')"
2529,9,,"('a', 'a')"
2530,10,,"('h', 'h')"
2531,12,,"('f', 'h')"
2532,21,,"('a', 'h')"
2533,10,,"('a', 'a')"
2534,11,,"('h', 'h')"
2535,20,,"('f', 'a')"
2536,9,,"('h', 'h')"
2537,14,,"('a', 'a')"
2538,10,,"('h', 'h')"
2539,17,,"('f', 'a')"
2540,17,,"('h', 'h')"
2541,11,,"('f', 'a')"
2542,21,,"('h', 'h')"
2543,10,,"('a', 'a')"
2544,11,,"('f', 'h')"
2545,17,,"('a', 'h')"
2546,12,,"('a', 'h')"
2547,13,,"('a', 'h')"
2548,12,,"('a', 'a')"
2549,16,,"('h', 'h')"
2550,12,,"('a', 'a')"
2551,10,,"('h', 'h')"
2552,35,,"('g', 'g')"
2553,10,,"('d', 'e')"
2554,10,,"('d', 'd')"
2555,10,,"('b', 'b')"
2556,10,,"('j', 'j')"
2557,12,,"('i', 'i')"
2558,15,,"('c', 'c')"
2559,10,,"('h', 'h')"
2560,12,,"('a', 'a')"
2561,10,,"('h', 'h')"
2562,26,,"('a', 'h')"
2563,14,,"('a', 'h')"
2564,15,,"('a', 'h')"
2565,10,,"('a', 'a')"
2566,13,,"('g', 'g')"
2567,13,,"('d', 'd')"
2568,13,,"('e', 'e')"
2569,11,,"('d', 'd')"
2570,13,,"('b', 'b')"
2571,11,,"('i', 'i')"
2572,12,,"('j', 'j')"
2573,11,,"('i', 'i')"
2574,13,,"('c', 'c')"
2575,11,,"('a', 'h')"
2576,35,,"('a', 'a')"
2577,10,,"('h', 'h')"
2578,10,,"('a', 'a')"
2579,10,,"('g', 'g')"
2580,13,,"('e', 'd')"
2581,9,,"('e', 'e')"
2582,9,,"('d', 'd')"
2583,15,,"('e', 'e')"
2584,10,,"('b', 'b')"
2585,11,,"('b', 'b')"
2586,10,,"('i', 'j')"
2587,13,,"('i', 'i')"
2588,13,,"('c', 'c')"
2589,15,,"('a', 'h')"
2590,10,,"('a', 'a')"
2591,15,,"('f', 'h')"
2592,10,,"('a', 'a')"
2593,10,,"('h', 'h')"
2594,16,,"('f', 'a')"
2595,12,,"('h', 'h')"
2596,11,,"('a', 'a')"
2597,14,,"('f', 'h')"
2598,10,,"('a', 'a')"
2599,17,,"('g', 'g')"
2600,19,,"('e', 'd')"
2601,30,,"('e', 'e')"
2602,12,,"('d', 'd')"
2603,13,,"('b', 'b')"
2604,13,,"('b', 'b')"
2605,11,,"('b', 'b')"
2606,15,,"('b', 'b')"
2607,11,,"('j', 'j')"
2608,13,,"('i', 'i')"
2609,11,,"('c', 'c')"
2610,24,,"('h', 'h')"
2611,12,,"('a', 'a')"
2612,12,,"('h', 'h')"
2613,14,,"('f', 'h')"
2614,9,,"('a', 'a')"
2615,11,,"('h', 'h')"
2616,19,,"('g', 'g')"
2617,10,,"('d', 'e')"
2618,29,,"('d', 'd')"
2619,10,,"('b', 'b')"
2620,11,,"('i', 'i')"
2621,28,,"('j', 'j')"
2622,17,,"('i', 'i')"
2623,14,,"('c', 'c')"
2624,13,,"('h', 'h')"
2625,25,,"('a', 'h')"
2626,9,,"('a', 'a')"
2627,12,,"('h', 'h')"
2628,12,,"('a', 'a')"
2629,13,,"('h', 'a')"
2630,12,,"('h', 'h')"
2631,14,,"('a', 'a')"
2632,11,,"('f', 'a')"
2633,11,,"('h', 'h')"
2634,20,,"('g', 'g')"
2635,13,,"('d', 'e')"
2636,9,,"('d', 'd')"
2637,13,,"('e', 'e')"
2638,10,,"('b', 'b')"
2639,13,,"('b', 'b')"
2640,11,,"('i', 'i')"
2641,11,,"('j', 'j')"
2642,15,,"('c', 'c')"
2643,12,,"('a', 'h')"
2644,9,,"('a', 'a')"
2645,9,,"('h', 'h')"
2646,9,,"('a', 'a')"
2647,15,,"('h', 'h')"
2648,12,,"('a', 'a')"
2649,9,,"('h', 'h')"
2650,13,,"('a', 'a')"
2651,12,,"('h', 'a')"
2652,9,,"('h', 'h')"
2653,10,,"('a', 'a')"
2654,15,,"('h', 'h')"
2655,11,,"('a', 'a')"
2656,19,,"('g', 'g')"
2657,12,,"('e', 'e')"
2658,9,,"('d', 'd')"
2659,11,,"('e', 'e')"
2660,14,,"('b', 'b')"
2661,10,,"('b', 'b')"
2662,12,,"('i', 'j')"
2663,24,,"('i', 'i')"
2664,13,,"('c', 'c')"
2665,14,,"('a', 'h')"
2666,19,,"('a', 'h')"
2667,16,,"('a', 'a')"
2668,12,,"('f', 'a')"
2669,15,,"('h', 'h')"
2670,12,,"('a', 'h')"
2671,13,,"('a', 'a')"
2672,14,,"('h', 'h')"
2673,10,,"('a', 'a')"
2674,9,,"('h', 'h')"
2675,9,,"('a', 'a')"
2676,9,,"('h', 'h')"
2677,12,,"('a', 'h')"
2678,10,,"('a', 'a')"
2679,9,,"('h', 'h')"
2680,18,,"('a', 'a')"
2681,9,,"('h', 'h')"
2682,10,,"('a', 'a')"
2683,9,,"('h', 'h')"
2684,12,,"('a', 'h')"
2685,10,,"('a', 'a')"
2686,13,,"('f', 'h')"
2687,13,,"('a', 'a')"
2688,13,,"('h', 'a')"
2689,35,,"('h', 'a')"
2690,9,,"('h', 'h')"
2691,19,,"('a', 'a')"
2692,16,,"('h', 'h')"
2693,13,,"('a', 'a')"
2694,21,,"('h', 'a')"
2695,12,,"('h', 'h')"
2696,13,,"('f', 'h')"
2697,9,,"('a', 'a')"
2698,18,,"('h', 'h')"
2699,17,,"('a', 'h')"
2700,13,,"('a', 'h')"
2701,10,,"('a', 'a')"
2702,10,,"('h', 'h')"
2703,14,,"('f', 'a')"
2704,10,,"('h', 'h')"
2705,10,,"('g', 'g')"
2706,16,,"('e', 'd')"
2707,17,,"('e', 'e')"
2708,10,,"('d', 'd')"
2709,10,,"('b', 'b')"
2710,18,,"('b', 'b')"
2711,14,,"('j', 'j')"
2712,12,,"('i', 'i')"
2713,10,,"('c', 'c')"
2714,10,,"('h', 'a')"
2715,13,,"('h', 'a')"
2716,12,,"('h', 'h')"
2717,14,,"('a', 'a')"
2718,11,,"('f', 'h')"
2719,11,,"('a', 'a')"
2720,9,,"('h', 'h')"
2721,11,,"('a', 'a')"
2722,11,,"('f', 'h')"
2723,12,,"('a', 'h')"
2724,10,,"('a', 'a')"
2725,9,,"('h', 'h')"
2726,9,,"('a', 'a')"
2727,16,,"('h', 'a')"
2728,11,,"('h', 'h')"
2729,10,,"('g', 'g')"
2730,12,,"('e', 'e')"
2731,13,,"('d', 'd')"
2732,16,,"('b', 'b')"
2733,11,,"('i', 'i')"
2734,15,,"('j', 'j')"
2735,20,,"('c', 'c')"
2736,22,,"('h', 'h')"
2737,10,,"('a', 'a')"
2738,14,,"('f', 'h')"
2739,13,,"('a', 'a')"
2740,9,,"('h', 'h')"
2741,9,,"('a', 'a')"
2742,30,,"('h', 'a')"
2743,17,,"('h', 'h')"
2744,14,,"('f', 'a')"
2745,15,,"('h', 'h')"
2746,10,,"('a', 'a')"
2747,10,,"('g', 'g')"
2748,11,,"('d', 'd')"
2749,21,,"('e', 'e')"
2750,13,,"('d', 'd')"
2751,24,,"('b', 'b')"
2752,10,,"('b', 'b')"
2753,14,,"('b', 'b')"
2754,10,,"('i', 'i')"
2755,13,,"('j', 'j')"
2756,13,,"('c', 'c')"
2757,10,,"('h', 'a')"
2758,21,,"('h', 'a')"
2759,12,,"('h', 'h')"
2760,12,,"('g', 'g')"
2761,10,,"('e', 'e')"
2762,19,,"('d', 'd')"
2763,10,,"('b', 'b')"
2764,19,,"('b', 'b')"
2765,19,,"('i', 'j')"
2766,13,,"('i', 'i')"
2767,11,,"('j', 'j')"
2768,10,,"('c', 'c')"
2769,12,,"('a', 'h')"
2770,9,,"('a', 'a')"
2771,18,,"('h', 'a')"
2772,18,,"('h', 'a')"
2773,13,,"('h', 'h')"
2774,12,,"('a', 'a')"
2775,13,,"('h', 'a')"
2776,16,,"('h', 'a')"
2777,9,,"('h', 'h')"
2778,11,,"('a', 'a')"
2779,10,,"('g', 'g')"
2780,10,,"('e', 'd')"
2781,12,,"('e', 'e')"
2782,10,,"('d', 'd')"
2783,10,,"('b', 'b')"
2784,10,,"('i', 'i')"
2785,12,,"('j', 'j')"
2786,16,,"('c', 'c')"
2787,17,,"('h', 'a')"
2788,14,,"('h', 'a')"
2789,19,,"('h', 'h')"
2790,12,,"('a', 'h')"
2791,13,,"('a', 'a')"
2792,9,,"('h', 'h')"
2793,17,,"('a', 'a')"
2794,10,,"('h', 'h')"
2795,19,,"('a', 'a')"
2796,11,,"('h', 'h')"
2797,14,,"('g', 'g')"
2798,23,,"('e', 'e')"
2799,9,,"('d', 'd')"
2800,10,,"('e', 'e')"
2801,13,,"('b', 'b')"
2802,25,,"('i', 'j')"
2803,15,,"('i', 'i')"
2804,13,,"('j', 'j')"
2805,13,,"('c', 'c')"
2806,28,,"('h', 'a')"
2807,16,,"('h', 'a')"
2808,12,,"('h', 'a')"
2809,10,,"('h', 'h')"
2810,17,,"('g', 'g')"
2811,11,,"('d', 'd')"
2812,15,,"('e', 'e')"
2813,25,,"('d', 'd')"
2814,12,,"('b', 'b')"
2815,11,,"('b', 'b')"
2816,16,,"('b', 'b')"
2817,10,,"('j', 'i')"
2818,12,,"('j', 'j')"
2819,15,,"('i', 'i')"
2820,14,,"('c', 'c')"
2821,14,,"('h', 'a')"
2822,13,,"('h', 'h')"
2823,10,,"('a', 'a')"
2824,23,,"('g', 'g')"
2825,10,,"('e', 'e')"
2826,16,,"('d', 'd')"
2827,10,,"('e', 'e')"
2828,10,,"('b', 'b')"
2829,11,,"('b', 'b')"
2830,11,,"('j', 'i')"
2831,10,,"('j', 'j')"
2832,13,,"('i', 'i')"
2833,10,,"('c', 'c')"
2834,13,,"('a', 'h')"
2835,21,,"('a', 'a')"
2836,10,,"('h', 'h')"
2837,10,,"('g', 'g')"
2838,10,,"('e', 'd')"
2839,10,,"('e', 'e')"
2840,10,,"('d', 'd')"
2841,10,,"('e', 'e')"
2842,13,,"('b', 'b')"
2843,13,,"('i', 'i')"
2844,12,,"('j', 'j')"
2845,10,,"('i', 'i')"
2846,11,,"('c', 'c')"
2847,14,,"('a', 'a')"
2848,12,,"('h', 'h')"
2849,17,,"('f', 'a')"
2850,9,,"('h', 'h')"
2851,21,,"('a', 'h')"
2852,9,,"('a', 'a')"
2853,14,,"('h', 'h')"
2854,13,,"('f', 'h')"
2855,16,,"('a', 'h')"
2856,12,,"('a', 'h')"
2857,21,,"('a', 'a')"
2858,10,,"('h', 'h')"
2859,10,,"('g', 'g')"
2860,10,,"('d', 'e')"
2861,10,,"('d', 'd')"
2862,10,,"('e', 'e')"
2863,12,,"('b', 'b')"
2864,16,,"('b', 'b')"
2865,14,,"('b', 'b')"
2866,15,,"('j', 'j')"
2867,16,,"('i', 'i')"
2868,10,,"('j', 'j')"
2869,19,,"('i', 'i')"
2870,11,,"('c', 'c')"
2871,13,,"('a', 'a')"
2872,10,,"('h', 'h')"
2873,10,,"('g', 'g')"
2874,16,,"('e', 'e')"
2875,16,,"('d', 'd')"
2876,11,,"('b', 'b')"
2877,13,,"('i', 'i')"
2878,14,,"('j', 'j')"
2879,10,,"('c', 'c')"
2880,10,,"('a', 'a')"
2881,10,,"('h', 'h')"
2882,13,,"('g', 'g')"
2883,12,,"('d', 'e')"
2884,18,,"('d', 'd')"
2885,14,,"('b', 'b')"
2886,10,,"('j', 'i')"
2887,12,,"('j', 'j')"
2888,14,,"('c', 'c')"
2889,12,,"('h', 'h')"
2890,13,,"('a', 'a')"
2891,11,,"('f', 'a')"
2892,13,,"('h', 'a')"
2893,9,,"('h', 'h')"
2894,15,,"('a', 'h')"
2895,22,,"('a', 'a')"
2896,9,,"('h', 'h')"
2897,10,,"('a', 'a')"
2898,9,,"('h', 'h')"
2899,11,,"('a', 'a')"
2900,10,,"('g', 'g')"
2901,24,,"('e', 'e')"
2902,15,,"('d', 'd')"
2903,12,,"('e', 'e')"
2904,10,,"('d', 'd')"
2905,10,,"('b', 'b')"
2906,27,,"('i', 'j')"
2907,14,,"('i', 'i')"
2908,16,,"('c', 'c')"
2909,20,,"('h', 'h')"
2910,19,,"('a', 'a')"
2911,13,,"('h', 'h')"
2912,10,,"('g', 'g')"
2913,10,,"('d', 'e')"
2914,11,,"('d', 'd')"
2915,16,,"('b', 'b')"
2916,14,,"('i', 'i')"
2917,12,,"('j', 'j')"
2918,10,,"('i', 'i')"
2919,13,,"('c', 'c')"
2920,11,,"('a', 'h')"
2921,13,,"('a', 'h')"
2922,9,,"('a', 'a')"
2923,15,,"('h', 'h')"
2924,11,,"('f', 'h')"
2925,15,,"('a', 'a')"
2926,10,,"('g', 'g')"
2927,16,,"('d', 'e')"
2928,11,,"('d', 'd')"
2929,22,,"('b', 'b')"
2930,16,,"('j', 'i')"
2931,10,,"('j', 'j')"
2932,10,,"('c', 'c')"
2933,10,,"('a', 'h')"
2934,14,,"('a', 'h')"
2935,10,,"('a', 'a')"
2936,17,,"('g', 'g')"
2937,13,,"('d', 'd')"
2938,13,,"('e', 'e')"
2939,11,,"('b', 'b')"
2940,15,,"('b', 'b')"
2941,10,,"('j', 'j')"
2942,10,,"('i', 'i')"
2943,10,,"('c', 'c')"
2944,12,,"('h', 'h')"
2945,12,,"('a', 'h')"
2946,9,,"('a', 'a')"
2947,12,,"('h', 'h')"
2948,18,,"('a', 'a')"
2949,12,,"('f', 'h')"
2950,10,,"('a', 'a')"
2951,13,,"('h', 'h')"
2952,10,,"('g', 'g')"
2953,10,,"('d', 'd')"
2954,9,,"('e', 'e')"
2955,11,,"('d', 'd')"
2956,13,,"('b', 'b')"
2957,11,,"('b', 'b')"
2958,11,,"('b', 'b')"
2959,17,,"('b', 'b')"
2960,12,,"('b', 'b')"
2961,11,,"('j', 'j')"
2962,9,,"('i', 'i')"
2963,12,,"('j', 'j')"
2964,18,,"('c', 'c')"
2965,16,,"('a', 'a')"
2966,18,,"('h', 'a')"
2967,13,,"('h', 'h')"
2968,12,,"('f', 'a')"
2969,21,,"('h', 'a')"
2970,10,,"('h', 'h')"
2971,12,,"('a', 'a')"
2972,19,,"('h', 'h')"
2973,12,,"('a', 'a')"
2974,10,,"('h', 'h')"
2975,22,,"('f', 'a')"
2976,12,,"('h', 'h')"
2977,19,,"('a', 'h')"
2978,19,,"('a', 'a')"
2979,23,,"('f', 'h')"
2980,13,,"('a', 'h')"
2981,10,,"('a', 'a')"
2982,9,,"('h', 'h')"
2983,9,,"('a', 'a')"
2984,10,,"('h', 'h')"
2985,12,,"('f', 'h')"
2986,11,,"('a', 'a')"
2987,31,,"('g', 'g')"
2988,16,,"('d', 'd')"
2989,10,,"('e', 'e')"
2990,10,,"('d', 'd')"
2991,16,,"('b', 'b')"
2992,11,,"('b', 'b')"
2993,13,,"('j', 'i')"
2994,10,,"('j', 'j')"
2995,10,,"('c', 'c')"
2996,10,,"('h', 'h')"
2997,10,,"('a', 'a')"
2998,11,,"('f', 'h')"
2999,9,,"('a', 'a')"
3000,10,,"('h', 'h')"
3001,15,,"('a', 'h')"
3002,10,,"('a', 'a')"
3003,11,,"('f', 'h')"
3004,17,,"('a', 'a')"
3005,11,,"('f', 'h')"
3006,12,,"('a', 'a')"
3007,19,,"('g', 'g')"
3008,20,,"('d', 'e')"
3009,9,,"('d', 'd')"
3010,18,,"('e', 'e')"
3011,10,,"('d', 'd')"
3012,13,,"('b', 'b')"
3013,10,,"('b', 'b')"
3014,13,,"('i', 'i')"
3015,13,,"('j', 'j')"
3016,18,,"('c', 'c')"
3017,16,,"('h', 'a')"
3018,12,,"('h', 'h')"
3019,17,,"('g', 'g')"
3020,10,,"('d', 'd')"
3021,16,,"('e', 'e')"
3022,17,,"('b', 'b')"
3023,13,,"('b', 'b')"
3024,12,,"('i', 'i')"
3025,9,,"('j', 'j')"
3026,19,,"('i', 'i')"
3027,10,,"('j', 'j')"
3028,15,,"('i', 'i')"
3029,22,,"('c', 'c')"
3030,25,,"('h', 'h')"
3031,12,,"('a', 'a')"
3032,20,,"('f', 'h')"
3033,12,,"('a', 'a')"
3034,9,,"('h', 'h')"
3035,11,,"('a', 'a')"
3036,15,,"('f', 'h')"
3037,13,,"('a', 'a')"
3038,11,,"('h', 'h')"
3039,14,,"('f', 'a')"
3040,12,,"('h', 'h')"
3041,10,,"('a', 'a')"
3042,13,,"('g', 'g')"
3043,24,,"('d', 'd')"
3044,16,,"('e', 'e')"
3045,14,,"('b', 'b')"
3046,13,,"('i', 'i')"
3047,21,,"('j', 'j')"
3048,9,,"('i', 'i')"
3049,10,,"('j', 'j')"
3050,11,,"('c', 'c')"
3051,13,,"('h', 'h')"
3052,12,,"('a', 'h')"
3053,12,,"('a', 'h')"
3054,10,,"('a', 'a')"
3055,11,,"('f', 'a')"
3056,9,,"('h', 'h')"
3057,15,,"('a', 'h')"
3058,9,,"('a', 'a')"
3059,12,,"('h', 'a')"
3060,13,,"('h', 'h')"
3061,15,,"('a', 'h')"
3062,12,,"('a', 'h')"
3063,22,,"('a', 'a')"
3064,11,,"('h', 'h')"
3065,14,,"('f', 'h')"
3066,17,,"('a', 'h')"
3067,12,,"('a', 'h')"
3068,14,,"('a', 'a')"
3069,9,,"('h', 'h')"
3070,12,,"('a', 'h')"
3071,12,,"('a', 'a')"
3072,14,,"('h', 'a')"
3073,10,,"('h', 'h')"
3074,11,,"('g', 'g')"
3075,13,,"('d', 'd')"
3076,13,,"('e', 'e')"
3077,20,,"('b', 'b')"
3078,31,,"('i', 'j')"
3079,18,,"('i', 'i')"
3080,10,,"('j', 'j')"
3081,11,,"('c', 'c')"
3082,15,,"('h', 'h')"
3083,11,,"('a', 'a')"
3084,10,,"('h', 'h')"
3085,21,,"('f', 'h')"
3086,30,,"('a', 'h')"
3087,14,,"('a', 'a')"
3088,10,,"('h', 'h')"
3089,12,,"('g', 'g')"
3090,10,,"('e', 'e')"
3091,12,,"('d', 'd')"
3092,10,,"('e', 'e')"
3093,13,,"('b', 'b')"
3094,10,,"('j', 'i')"
3095,13,,"('j', 'j')"
3096,13,,"('c', 'c')"
3097,19,,"('a', 'h')"
3098,10,,"('a', 'a')"
3099,13,,"('g', 'g')"
3100,15,,"('d', 'e')"
3101,10,,"('d', 'd')"
3102,19,,"('b', 'b')"
3103,10,,"('b', 'b')"
3104,10,,"('b', 'b')"
3105,17,,"('j', 'j')"
3106,13,,"('i', 'i')"
3107,15,,"('c', 'c')"
3108,14,,"('h', 'a')"
3109,9,,"('h', 'h')"
3110,10,,"('a', 'a')"
3111,10,,"('g', 'g')"
3112,14,,"('e', 'e')"
3113,10,,"('d', 'd')"
3114,12,,"('b', 'b')"
3115,15,,"('b', 'b')"
3116,11,,"('i', 'i')"
3117,11,,"('j', 'j')"
3118,16,,"('c', 'c')"
3119,13,,"('a', 'h')"
3120,11,,"('a', 'a')"
3121,10,,"('g', 'g')"
3122,17,,"('e', 'e')"
3123,9,,"('d', 'd')"
3124,12,,"('e', 'e')"
3125,13,,"('d', 'd')"
3126,10,,"('b', 'b')"
3127,13,,"('b', 'b')"
3128,13,,"('j', 'j')"
3129,13,,"('i', 'i')"
3130,16,,"('c', 'c')"
3131,13,,"('a', 'h')"
3132,10,,"('a', 'a')"
3133,14,,"('f', 'h')"
3134,12,,"('a', 'a')"
3135,15,,"('h', 'h')"
3136,10,,"('a', 'a')"
3137,12,,"('f', 'h')"
3138,24,,"('a', 'a')"
3139,11,,"('h', 'h')"
3140,12,,"('g', 'g')"
3141,20,,"('d', 'd')"
3142,14,,"('e', 'e')"
3143,10,,"('b', 'b')"
3144,25,,"('i', 'i')"
3145,11,,"('j', 'j')"
3146,11,,"('i', 'i')"
3147,15,,"('c', 'c')"
3148,10,,"('a', 'a')"
3149,17,,"('h', 'a')"
3150,13,,"('h', 'h')"
3151,11,,"('a', 'a')"
3152,12,,"('h', 'h')"
3153,16,,"('a', 'a')"
3154,20,,"('h', 'h')"
3155,12,,"('a', 'h')"
3156,14,,"('a', 'a')"
3157,11,,"('h', 'h')"
3158,15,,"('f', 'h')"
3159,12,,"('a', 'a')"
3160,29,,"('h', 'h')"
3161,10,,"('a', 'a')"
3162,11,,"('g', 'g')"
3163,10,,"('e', 'd')"
3164,33,,"('e', 'e')"
3165,9,,"('d', 'd')"
3166,10,,"('e', 'e')"
3167,13,,"('d', 'd')"
3168,13,,"('e', 'e')"
3169,11,,"('b', 'b')"
3170,15,,"('b', 'b')"
3171,12,,"('b', 'b')"
3172,12,,"('j', 'i')"
3173,19,,"('j', 'j')"
3174,10,,"('c', 'c')"
3175,10,,"('h', 'a')"
3176,12,,"('h', 'a')"
3177,13,,"('h', 'h')"
3178,12,,"('a', 'h')"
3179,12,,"('a', 'h')"
3180,13,,"('a', 'a')"
3181,15,,"('h', 'h')"
3182,9,,"('a', 'a')"
3183,12,,"('h', 'h')"
3184,21,,"('a', 'a')"
3185,9,,"('h', 'h')"
3186,15,,"('a', 'a')"
3187,21,,"('h', 'a')"
3188,11,,"('h', 'h')"
3189,11,,"('f', 'h')"
3190,9,,"('a', 'a')"
3191,15,,"('h', 'h')"
3192,9,,"('a', 'a')"
3193,9,,"('h', 'h')"
3194,15,,"('a', 'a')"
3195,12,,"('h', 'h')"
3196,18,,"('a', 'h')"
3197,12,,"('a', 'h')"
3198,11,,"('a', 'a')"
3199,10,,"('g', 'g')"
3200,18,,"('d', 'e')"
3201,14,,"('d', 'd')"
3202,10,,"('b', 'b')"
3203,14,,"('i', 'j')"
3204,10,,"('i', 'i')"
3205,13,,"('c', 'c')"
3206,20,,"('h', 'h')"
3207,12,,"('a', 'a')"
3208,18,,"('h', 'h')"
3209,9,,"('a', 'a')"
3210,24,,"('h', 'a')"
3211,33,,"('h', 'a')"
3212,13,,"('h', 'a')"
3213,10,,"('h', 'h')"
3214,16,,"('a', 'a')"
3215,12,,"('h', 'h')"
3216,9,,"('a', 'a')"
3217,13,,"('h', 'a')"
3218,10,,"('h', 'h')"
3219,11,,"('g', 'g')"
3220,19,,"('e', 'e')"
3221,12,,"('d', 'd')"
3222,22,,"('b', 'b')"
3223,24,,"('b', 'b')"
3224,14,,"('b', 'b')"
3225,15,,"('j', 'i')"
3226,20,,"('j', 'j')"
3227,19,,"('c', 'c')"
3228,13,,"('h', 'a')"
3229,14,,"('h', 'a')"
3230,10,,"('h', 'h')"
3231,10,,"('g', 'g')"
3232,16,,"('e', 'e')"
3233,15,,"('d', 'd')"
3234,19,,"('b', 'b')"
3235,13,,"('b', 'b')"
3236,12,,"('b', 'b')"
3237,10,,"('j', 'j')"
3238,9,,"('i', 'i')"
3239,11,,"('j', 'j')"
3240,10,,"('c', 'c')"
3241,13,,"('h', 'a')"
3242,11,,"('h', 'h')"
3243,21,,"('g', 'g')"
3244,13,,"('d', 'd')"
3245,25,,"('e', 'e')"
3246,18,,"('b', 'b')"
3247,11,,"('i', 'j')"
3248,9,,"('i', 'i')"
3249,15,,"('j', 'j')"
3250,13,,"('c', 'c')"
3251,16,,"('a', 'a')"
3252,12,,"('h', 'h')"
3253,12,,"('a', 'a')"
3254,13,,"('h', 'h')"
3255,10,,"('a', 'a')"
3256,17,,"('f', 'a')"
3257,11,,"('h', 'h')"
3258,10,,"('a', 'a')"
3259,16,,"('g', 'g')"
3260,15,,"('e', 'e')"
3261,10,,"('d', 'd')"
3262,14,,"('e', 'e')"
3263,9,,"('d', 'd')"
3264,14,,"('e', 'e')"
3265,21,,"('b', 'b')"
3266,28,,"('b', 'b')"
3267,14,,"('j', 'j')"
3268,17,,"('i', 'i')"
3269,14,,"('c', 'c')"
3270,15,,"('a', 'a')"
3271,18,,"('h', 'a')"
3272,13,,"('h', 'a')"
3273,10,,"('h', 'h')"
3274,9,,"('a', 'a')"
3275,12,,"('h', 'h')"
3276,10,,"('a', 'a')"
3277,12,,"('f', 'h')"
3278,11,,"('a', 'a')"
3279,11,,"('g', 'g')"
3280,10,,"('e', 'd')"
3281,14,,"('e', 'e')"
3282,13,,"('b', 'b')"
3283,19,,"('b', 'b')"
3284,13,,"('i', 'i')"
3285,14,,"('j', 'j')"
3286,10,,"('c', 'c')"
3287,22,,"('a', 'a')"
3288,14,,"('h', 'a')"
3289,21,,"('h', 'a')"
3290,14,,"('h', 'h')"
3291,9,,"('a', 'a')"
3292,10,,"('h', 'h')"
3293,16,,"('a', 'a')"
3294,12,,"('h', 'a')"
3295,10,,"('h', 'h')"
3296,11,,"('f', 'a')"
3297,15,,"('h', 'a')"
3298,15,,"('h', 'h')"
3299,15,,"('a', 'a')"
3300,11,,"('g', 'g')"
3301,19,,"('d', 'd')"
3302,10,,"('e', 'e')"
3303,10,,"('b', 'b')"
3304,16,,"('j', 'i')"
3305,10,,"('j', 'j')"
3306,16,,"('c', 'c')"
3307,22,,"('h', 'h')"
3308,15,,"('a', 'a')"
3309,14,,"('h', 'h')"
3310,10,,"('a', 'a')"
3311,18,,"('h', 'a')"
3312,15,,"('h', 'h')"
3313,10,,"('a', 'a')"
3314,20,,"('f', 'a')"
3315,9,,"('h', 'h')"
3316,9,,"('a', 'a')"
3317,12,,"('h', 'h')"
3318,10,,"('a', 'a')"
3319,14,,"('f', 'a')"
3320,10,,"('h', 'h')"
3321,11,,"('f', 'a')"
3322,18,,"('h', 'h')"
3323,13,,"('a', 'h')"
3324,15,,"('a', 'h')"
3325,10,,"('a', 'a')"
3326,17,,"('g', 'g')"
3327,11,,"('d', 'e')"
3328,21,,"('d', 'd')"
3329,12,,"('b', 'b')"
3330,16,,"('j', 'i')"
3331,18,,"('j', 'j')"
3332,13,,"('c', 'c')"
3333,10,,"('a', 'a')"
3334,12,,"('h', 'h')"
3335,10,,"('g', 'g')"
3336,11,,"('d', 'd')"
3337,11,,"('e', 'e')"
3338,12,,"('d', 'd')"
3339,34,,"('b', 'b')"
3340,10,,"('i', 'j')"
3341,12,,"('i', 'i')"
3342,12,,"('j', 'j')"
3343,9,,"('i', 'i')"
3344,13,,"('j', 'j')"
3345,12,,"('i', 'i')"
3346,16,,"('j', 'j')"
3347,14,,"('c', 'c')"
3348,17,,"('h', 'h')"
3349,10,,"('a', 'a')"
3350,17,,"('g', 'g')"
3351,16,,"('e', 'd')"
3352,16,,"('e', 'e')"
3353,14,,"('b', 'b')"
3354,13,,"('i', 'j')"
3355,15,,"('i', 'i')"
3356,10,,"('j', 'j')"
3357,13,,"('c', 'c')"
3358,11,,"('h', 'a')"
3359,13,,"('h', 'h')"
3360,12,,"('g', 'g')"
3361,19,,"('d', 'd')"
3362,13,,"('e', 'e')"
3363,14,,"('b', 'b')"
3364,15,,"('b', 'b')"
3365,23,,"('j', 'i')"
3366,9,,"('j', 'j')"
3367,15,,"('i', 'i')"
3368,16,,"('j', 'j')"
3369,11,,"('i', 'i')"
3370,16,,"('c', 'c')"
3371,14,,"('h', 'h')"
3372,16,,"('a', 'a')"
3373,9,,"('h', 'h')"
3374,12,,"('a', 'a')"
3375,10,,"('h', 'h')"
3376,11,,"('f', 'a')"
3377,14,,"('h', 'h')"
3378,15,,"('g', 'g')"
3379,10,,"('e', 'e')"
3380,13,,"('d', 'd')"
3381,10,,"('b', 'b')"
3382,17,,"('b', 'b')"
3383,20,,"('b', 'b')"
3384,10,,"('b', 'b')"
3385,19,,"('j', 'j')"
3386,14,,"('i', 'i')"
3387,13,,"('c', 'c')"
3388,11,,"('a', 'h')"
3389,13,,"('a', 'a')"
3390,14,,"('g', 'g')"
3391,12,,"('e', 'e')"
3392,10,,"('d', 'd')"
3393,14,,"('b', 'b')"
3394,13,,"('i', 'i')"
3395,10,,"('j', 'j')"
3396,14,,"('c', 'c')"
3397,10,,"('a', 'h')"
3398,15,,"('a', 'a')"
3399,10,,"('g', 'g')"
3400,13,,"('e', 'e')"
3401,14,,"('d', 'd')"
3402,12,,"('e', 'e')"
3403,10,,"('d', 'd')"
3404,11,,"('b', 'b')"
3405,19,,"('i', 'i')"
3406,9,,"('j', 'j')"
3407,22,,"('i', 'i')"
3408,11,,"('c', 'c')"
3409,13,,"('a', 'h')"
3410,15,,"('a', 'h')"
3411,11,,"('a', 'a')"
3412,10,,"('g', 'g')"
3413,11,,"('e', 'd')"
3414,17,,"('e', 'e')"
3415,10,,"('b', 'b')"
3416,15,,"('j', 'i')"
3417,11,,"('j', 'j')"
3418,10,,"('c', 'c')"
3419,13,,"('h', 'a')"
3420,17,,"('h', 'h')"
3421,11,,"('a', 'a')"
3422,11,,"('g', 'g')"
3423,11,,"('e', 'd')"
3424,13,,"('e', 'e')"
3425,23,,"('b', 'b')"
3426,28,,"('i', 'j')"
3427,13,,"('i', 'i')"
3428,20,,"('c', 'c')"
3429,19,,"('a', 'a')"
3430,12,,"('h', 'h')"
3431,12,,"('a', 'a')"
3432,11,,"('h', 'h')"
3433,11,,"('f', 'h')"
3434,10,,"('a', 'a')"
3435,12,,"('f', 'a')"
3436,13,,"('h', 'h')"
3437,24,,"('a', 'h')"
3438,11,,"('a', 'a')"
3439,12,,"('f', 'h')"
3440,10,,"('a', 'a')"
3441,16,,"('g', 'g')"
3442,10,,"('e', 'e')"
3443,10,,"('d', 'd')"
3444,12,,"('e', 'e')"
3445,11,,"('d', 'd')"
3446,10,,"('e', 'e')"
3447,19,,"('b', 'b')"
3448,10,,"('j', 'i')"
3449,10,,"('j', 'j')"
3450,20,,"('c', 'c')"
3451,22,,"('h', 'a')"
3452,9,,"('h', 'h')"
3453,11,,"('a', 'a')"
3454,14,,"('f', 'a')"
3455,12,,"('h', 'h')"
3456,9,,"('a', 'a')"
3457,13,,"('h', 'a')"
3458,11,,"('h', 'h')"
3459,25,,"('g', 'g')"
3460,15,,"('d', 'e')"
3461,9,,"('d', 'd')"
3462,14,,"('e', 'e')"
3463,11,,"('b', 'b')"
3464,10,,"('b', 'b')"
3465,11,,"('j', 'j')"
3466,9,,"('i', 'i')"
3467,15,,"('j', 'j')"
3468,10,,"('c', 'c')"
3469,19,,"('a', 'h')"
3470,18,,"('a', 'h')"
3471,11,,"('a', 'a')"
3472,13,,"('g', 'g')"
3473,10,,"('d', 'e')"
3474,16,,"('d', 'd')"
3475,10,,"('b', 'b')"
3476,12,,"('b', 'b')"
3477,10,,"('j', 'i')"
3478,14,,"('j', 'j')"
3479,16,,"('c', 'c')"
3480,13,,"('a', 'h')"
3481,18,,"('a', 'h')"
3482,12,,"('a', 'a')"
3483,10,,"('h', 'h')"
3484,18,,"('f', 'h')"
3485,15,,"('a', 'h')"
3486,9,,"('a', 'a')"
3487,16,,"('h', 'a')"
3488,12,,"('h', 'h')"
3489,16,,"('a', 'h')"
3490,20,,"('a', 'a')"
3491,15,,"('h', 'a')"
3492,11,,"('h', 'h')"
3493,11,,"('f', 'h')"
3494,10,,"('a', 'a')"
3495,19,,"('g', 'g')"
3496,10,,"('e', 'd')"
3497,10,,"('e', 'e')"
3498,10,,"('d', 'd')"
3499,21,,"('b', 'b')"
3500,13,,"('i', 'j')"
3501,17,,"('i', 'i')"
3502,13,,"('c', 'c')"
3503,15,,"('a', 'a')"
3504,14,,"('h', 'a')"
3505,11,,"('h', 'h')"
3506,10,,"('a', 'a')"
3507,9,,"('h', 'h')"
3508,16,,"('a', 'h')"
3509,16,,"('a', 'h')"
3510,15,,"('a', 'h')"
3511,21,,"('a', 'a')"
3512,9,,"('h', 'h')"
3513,15,,"('a', 'h')"
3514,15,,"('a', 'h')"
3515,27,,"('a', 'h')"
3516,12,,"('a', 'a')"
3517,10,,"('h', 'h')"
3518,13,,"('g', 'g')"
3519,10,,"('e', 'e')"
3520,12,,"('d', 'd')"
3521,10,,"('e', 'e')"
3522,29,,"('b', 'b')"
3523,10,,"('i', 'i')"
3524,11,,"('j', 'j')"
3525,12,,"('c', 'c')"
3526,14,,"('a', 'a')"
3527,11,,"('h', 'h')"
3528,10,,"('g', 'g')"
3529,13,,"('e', 'e')"
3530,9,,"('d', 'd')"
3531,18,,"('e', 'e')"
3532,14,,"('b', 'b')"
3533,14,,"('b', 'b')"
3534,14,,"('b', 'b')"
3535,19,,"('b', 'b')"
3536,16,,"('b', 'b')"
3537,10,,"('b', 'b')"
3538,16,,"('b', 'b')"
3539,11,,"('b', 'b')"
3540,19,,"('b', 'b')"
3541,16,,"('j', 'i')"
3542,9,,"('j', 'j')"
3543,13,,"('i', 'i')"
3544,24,,"('j', 'j')"
3545,10,,"('c', 'c')"
3546,23,,"('a', 'h')"
3547,11,,"('a', 'a')"
3548,9,,"('h', 'h')"
3549,19,,"('a', 'a')"
3550,27,,"('h', 'h')"
3551,30,,"('a', 'h')"
3552,9,,"('a', 'a')"
3553,11,,"('h', 'h')"
3554,11,,"('f', 'h')"
3555,12,,"('a', 'a')"
3556,15,,"('g', 'g')"
3557,11,,"('d', 'e')"
3558,10,,"('d', 'd')"
3559,12,,"('b', 'b')"
3560,21,,"('b', 'b')"
3561,26,,"('j', 'j')"
3562,22,,"('i', 'i')"
3563,12,,"('c', 'c')"
3564,22,,"('a', 'h')"
3565,25,,"('a', 'h')"
3566,15,,"('a', 'a')"
3567,17,,"('h', 'h')"
3568,12,,"('a', 'h')"
3569,12,,"('a', 'a')"
3570,10,,"('h', 'h')"
3571,28,,"('f', 'a')"
3572,12,,"('h', 'h')"
3573,22,,"('f', 'a')"
3574,15,,"('h', 'h')"
3575,10,,"('a', 'a')"
3576,11,,"('g', 'g')"
3577,13,,"('d', 'd')"
3578,12,,"('e', 'e')"
3579,10,,"('d', 'd')"
3580,18,,"('b', 'b')"
3581,13,,"('b', 'b')"
3582,23,,"('i', 'j')"
3583,12,,"('i', 'i')"
3584,10,,"('j', 'j')"
3585,12,,"('c', 'c')"
3586,13,,"('h', 'h')"
3587,16,,"('a', 'a')"
3588,10,,"('h', 'h')"
3589,15,,"('g', 'g')"
3590,10,,"('d', 'd')"
3591,16,,"('e', 'e')"
3592,18,,"('d', 'd')"
3593,12,,"('e', 'e')"
3594,10,,"('d', 'd')"
3595,10,,"('b', 'b')"
3596,12,,"('j', 'i')"
3597,9,,"('j', 'j')"
3598,10,,"('i', 'i')"
3599,10,,"('j', 'j')"
3600,12,,"('c', 'c')"
3601,19,,"('a', 'h')"
3602,9,,"('a', 'a')"
3603,12,,"('h', 'a')"
3604,9,,"('h', 'h')"
3605,26,,"('a', 'h')"
3606,27,,"('a', 'a')"
3607,11,,"('h', 'h')"
3608,9,,"('a', 'a')"
3609,10,,"('h', 'h')"
3610,11,,"('a', 'a')"
3611,13,,"('f', 'a')"
3612,10,,"('h', 'h')"
3613,11,,"('f', 'a')"
3614,12,,"('h', 'h')"
3615,15,,"('a', 'h')"
3616,15,,"('a', 'h')"
3617,16,,"('a', 'h')"
3618,34,,"('a', 'a')"
3619,19,,"('h', 'h')"
3620,14,,"('a', 'a')"
3621,26,,"('g', 'g')"
3622,16,,"('e', 'e')"
3623,14,,"('d', 'd')"
3624,10,,"('e', 'e')"
3625,22,,"('d', 'd')"
3626,14,,"('b', 'b')"
3627,13,,"('i', 'j')"
3628,28,,"('i', 'i')"
3629,13,,"('c', 'c')"
3630,22,,"('h', 'h')"
3631,11,,"('a', 'a')"
3632,17,,"('f', 'h')"
3633,19,,"('a', 'a')"
3634,12,,"('h', 'a')"
3635,9,,"('h', 'h')"
3636,10,,"('a', 'a')"
3637,17,,"('h', 'a')"
3638,15,,"('h', 'h')"
3639,10,,"('a', 'a')"
3640,12,,"('h', 'a')"
3641,9,,"('h', 'h')"
3642,11,,"('a', 'a')"
3643,14,,"('f', 'h')"
3644,9,,"('a', 'a')"
3645,11,,"('h', 'h')"
3646,10,,"('g', 'g')"
3647,17,,"('d', 'd')"
3648,19,,"('e', 'e')"
3649,10,,"('b', 'b')"
3650,11,,"('i', 'i')"
3651,12,,"('j', 'j')"
3652,12,,"('i', 'i')"
3653,19,,"('j', 'j')"
3654,13,,"('c', 'c')"
3655,10,,"('a', 'a')"
3656,9,,"('h', 'h')"
3657,14,,"('a', 'a')"
3658,9,,"('h', 'h')"
3659,12,,"('a', 'h')"
3660,13,,"('a', 'a')"
3661,11,,"('h', 'h')"
3662,12,,"('a', 'a')"
3663,13,,"('h', 'h')"
3664,10,,"('g', 'g')"
3665,13,,"('d', 'e')"
3666,10,,"('d', 'd')"
3667,12,,"('b', 'b')"
3668,10,,"('b', 'b')"
3669,14,,"('b', 'b')"
3670,11,,"('b', 'b')"
3671,11,,"('i', 'i')"
3672,14,,"('j', 'j')"
3673,16,,"('c', 'c')"
3674,14,,"('a', 'a')"
3675,15,,"('h', 'h')"
3676,16,,"('a', 'h')"
3677,11,,"('a', 'a')"
3678,10,,"('g', 'g')"
3679,10,,"('e', 'd')"
3680,10,,"('e', 'e')"
3681,10,,"('b', 'b')"
3682,16,,"('j', 'i')"
3683,10,,"('j', 'j')"
3684,13,,"('i', 'i')"
3685,14,,"('c', 'c')"
3686,10,,"('h', 'h')"
3687,10,,"('a', 'a')"
3688,10,,"('g', 'g')"
3689,13,,"('d', 'e')"
3690,19,,"('d', 'd')"
3691,10,,"('e', 'e')"
3692,10,,"('b', 'b')"
3693,10,,"('j', 'i')"
3694,12,,"('j', 'j')"
3695,19,,"('c', 'c')"
3696,10,,"('h', 'a')"
3697,18,,"('h', 'a')"
3698,18,,"('h', 'h')"
3699,9,,"('a', 'a')"
3700,13,,"('h', 'a')"
3701,10,,"('h', 'h')"
3702,11,,"('f', 'a')"
3703,11,,"('h', 'h')"
3704,12,,"('f', 'a')"
3705,10,,"('h', 'h')"
3706,13,,"('g', 'g')"
3707,13,,"('d', 'e')"
3708,20,,"('d', 'd')"
3709,13,,"('b', 'b')"
3710,13,,"('i', 'i')"
3711,9,,"('j', 'j')"
3712,9,,"('i', 'i')"
3713,13,,"('j', 'j')"
3714,9,,"('i', 'i')"
3715,16,,"('j', 'j')"
3716,12,,"('i', 'i')"
3717,10,,"('j', 'j')"
3718,9,,"('i', 'i')"
3719,22,,"('j', 'j')"
3720,11,,"('c', 'c')"
3721,10,,"('a', 'h')"
3722,10,,"('a', 'a')"
3723,9,,"('h', 'h')"
3724,17,,"('a', 'h')"
3725,16,,"('a', 'a')"
3726,15,,"('h', 'h')"
3727,12,,"('a', 'a')"
3728,13,,"('h', 'h')"
3729,15,,"('f', 'a')"
3730,10,,"('h', 'h')"
3731,12,,"('f', 'h')"
3732,14,,"('a', 'a')"
3733,10,,"('h', 'h')"
3734,9,,"('a', 'a')"
3735,10,,"('h', 'h')"
3736,32,,"('f', 'a')"
3737,12,,"('h', 'h')"
3738,24,,"('a', 'a')"
3739,25,,"('h', 'a')"
3740,14,,"('h', 'a')"
